instancja	l_wykonan	naj_rozw.	dokladnosc [%]	sredni_blad [%]	sredni_czas [s]	iteracje	alpha	beta	rho	tau	mrowki	sch_rozkl	naj_sciezka	
burma14.tsp	5	3336	100	1.8	0.03	30	1	5	0.5	0.1	14	QAS	[7, 0, 1, 13, 2, 3, 4, 5, 11, 6, 12, 10, 8, 9, 7]	
gr24.tsp	5	1278	100	0.6	0.18	30	1	5	0.5	0.1	24	QAS	[16, 9, 4, 23, 5, 6, 7, 20, 2, 10, 15, 0, 11, 3, 22, 8, 12, 13, 19, 1, 14, 18, 21, 17, 16]	
ftv44.atsp	5	1761	92	8.6	1.47	30	1	5	0.5	0.1	45	QAS	[26, 27, 33, 34, 36, 37, 38, 44, 3, 4, 5, 0, 21, 19, 20, 7, 9, 8, 41, 6, 39, 40, 35, 32, 28, 25, 42, 23, 24, 22, 18, 16, 17, 14, 43, 11, 10, 12, 13, 15, 1, 2, 31, 30, 29, 26]	
ftv70.atsp	5	2156	90	11.0	7.38	30	1	5	0.5	0.1	71	QAS	[54, 55, 56, 70, 3, 4, 5, 25, 27, 6, 7, 9, 11, 10, 58, 61, 57, 59, 8, 13, 66, 14, 12, 15, 16, 18, 21, 22, 17, 64, 28, 0, 65, 1, 2, 44, 43, 42, 41, 37, 63, 40, 68, 46, 62, 49, 48, 51, 50, 67, 47, 39, 38, 36, 34, 35, 69, 60, 33, 32, 26, 23, 19, 20, 24, 29, 30, 31, 45, 53, 52, 54]	
ch150.tsp	1	6916	94	6.0	38.82	30	1	5	0.5	0.1	50	QAS	[39, 138, 119, 41, 8, 27, 5, 36, 1, 18, 98, 113, 101, 107, 69, 134, 49, 57, 54, 140, 82, 55, 145, 25, 74, 17, 141, 84, 64, 131, 136, 85, 28, 80, 109, 46, 19, 24, 89, 45, 137, 133, 53, 91, 32, 125, 92, 34, 95, 88, 7, 83, 6, 29, 62, 47, 72, 75, 86, 0, 97, 102, 33, 106, 94, 81, 4, 99, 142, 96, 123, 51, 110, 104, 15, 58, 78, 120, 87, 93, 9, 112, 2, 61, 148, 124, 21, 103, 3, 44, 127, 67, 118, 90, 105, 12, 73, 122, 30, 26, 128, 143, 146, 48, 71, 144, 111, 135, 63, 43, 70, 149, 114, 20, 77, 14, 132, 76, 121, 13, 79, 130, 31, 22, 37, 66, 42, 108, 50, 52, 23, 117, 68, 126, 35, 60, 10, 147, 129, 65, 16, 59, 139, 116, 56, 38, 40, 100, 115, 11, 39]	
gr202.tsp	1	49125	82	18.0	6.0	5	1	5	0.5	0.1	20	QAS	[5, 6, 7, 3, 4, 1, 2, 15, 13, 12, 11, 18, 20, 19, 25, 32, 34, 33, 52, 55, 56, 59, 58, 57, 60, 61, 62, 64, 65, 63, 72, 71, 70, 69, 68, 50, 53, 54, 51, 30, 31, 29, 98, 110, 109, 108, 107, 106, 105, 104, 103, 102, 40, 44, 41, 43, 42, 35, 39, 117, 37, 38, 122, 119, 118, 120, 121, 124, 125, 131, 132, 133, 134, 170, 169, 168, 163, 164, 171, 173, 177, 179, 180, 181, 194, 195, 182, 178, 160, 159, 165, 161, 156, 157, 158, 162, 115, 116, 167, 166, 114, 113, 100, 101, 155, 97, 96, 95, 94, 99, 111, 112, 123, 130, 128, 129, 127, 126, 28, 27, 26, 36, 136, 137, 138, 139, 140, 184, 183, 185, 174, 175, 176, 188, 187, 189, 186, 148, 149, 150, 191, 196, 198, 199, 200, 201, 193, 192, 190, 197, 151, 152, 153, 154, 145, 24, 143, 142, 144, 146, 147, 23, 22, 21, 10, 17, 16, 9, 8, 14, 49, 47, 48, 46, 45, 141, 135, 172, 93, 87, 92, 91, 86, 88, 90, 89, 80, 79, 81, 78, 77, 76, 82, 85, 84, 83, 66, 67, 73, 74, 75, 0, 5]	
rbg323.atsp	1	1639	81	19.0	22.24	5	1	5	0.5	0.1	20	QAS	[258, 114, 304, 288, 113, 32, 31, 65, 221, 94, 61, 224, 131, 319, 47, 192, 170, 34, 296, 128, 232, 175, 60, 172, 166, 88, 54, 107, 18, 133, 56, 64, 161, 78, 160, 14, 141, 137, 82, 299, 311, 46, 29, 21, 11, 26, 287, 275, 274, 306, 35, 126, 213, 125, 279, 127, 42, 2, 153, 267, 263, 285, 262, 154, 300, 289, 257, 124, 260, 105, 199, 80, 53, 211, 19, 51, 305, 119, 106, 265, 84, 236, 97, 33, 98, 6, 129, 30, 223, 44, 7, 249, 108, 104, 62, 69, 10, 185, 15, 178, 145, 38, 197, 100, 90, 118, 254, 228, 115, 77, 13, 140, 190, 83, 187, 205, 76, 159, 198, 96, 202, 48, 89, 219, 5, 168, 95, 322, 320, 73, 50, 276, 195, 68, 233, 20, 116, 295, 183, 59, 266, 313, 28, 3, 102, 101, 210, 261, 27, 22, 16, 85, 316, 41, 294, 179, 17, 72, 58, 174, 139, 217, 290, 235, 182, 176, 138, 99, 130, 264, 123, 24, 286, 298, 318, 148, 92, 111, 57, 280, 250, 297, 86, 227, 144, 173, 120, 121, 63, 157, 191, 91, 303, 110, 67, 214, 37, 36, 93, 302, 301, 136, 134, 122, 231, 240, 291, 196, 40, 71, 206, 117, 9, 259, 12, 149, 1, 282, 75, 147, 226, 225, 251, 155, 152, 135, 269, 171, 162, 310, 242, 112, 70, 169, 87, 165, 164, 315, 146, 201, 150, 229, 156, 4, 256, 309, 132, 188, 314, 308, 268, 218, 180, 158, 151, 143, 307, 209, 237, 55, 194, 247, 234, 216, 241, 142, 239, 103, 273, 189, 200, 181, 43, 23, 246, 212, 220, 238, 278, 39, 243, 293, 79, 284, 283, 230, 193, 245, 45, 253, 312, 248, 81, 292, 49, 203, 222, 52, 215, 271, 74, 184, 277, 317, 167, 66, 8, 0, 270, 25, 186, 177, 208, 207, 281, 204, 272, 244, 109, 163, 252, 321, 255, 258]	
pcb442.tsp	1	66660	76	24.0	27.98	5	1	5	0.5	0.1	10	QAS	[365, 366, 344, 367, 368, 369, 370, 371, 372, 373, 374, 336, 337, 426, 335, 334, 333, 332, 331, 330, 329, 328, 303, 302, 327, 326, 325, 324, 299, 300, 301, 430, 364, 363, 362, 361, 343, 360, 359, 358, 434, 357, 356, 355, 433, 354, 353, 352, 342, 351, 350, 349, 348, 432, 347, 346, 345, 341, 340, 427, 281, 280, 278, 275, 272, 268, 265, 237, 238, 233, 226, 404, 399, 184, 171, 160, 148, 135, 125, 113, 102, 101, 66, 67, 68, 36, 3, 2, 35, 34, 33, 65, 1, 0, 441, 5, 38, 37, 4, 69, 70, 71, 39, 40, 72, 73, 74, 75, 43, 42, 41, 8, 9, 7, 6, 45, 46, 13, 14, 47, 79, 78, 77, 76, 44, 11, 10, 12, 15, 48, 80, 81, 49, 50, 17, 16, 51, 83, 82, 438, 380, 381, 84, 52, 53, 85, 86, 54, 21, 20, 19, 18, 55, 22, 23, 56, 88, 89, 90, 91, 92, 93, 61, 62, 29, 30, 31, 375, 376, 32, 64, 96, 97, 382, 383, 112, 124, 134, 147, 159, 170, 183, 198, 209, 219, 225, 410, 413, 236, 264, 274, 436, 422, 271, 419, 267, 415, 263, 262, 261, 260, 259, 418, 421, 258, 257, 256, 255, 254, 253, 252, 251, 250, 249, 414, 248, 247, 246, 245, 244, 243, 242, 241, 240, 266, 270, 273, 276, 425, 439, 282, 283, 309, 310, 311, 339, 312, 286, 285, 284, 338, 308, 307, 279, 269, 234, 227, 405, 400, 185, 172, 173, 395, 398, 186, 174, 391, 137, 115, 151, 388, 386, 126, 385, 114, 103, 440, 136, 149, 161, 150, 210, 402, 220, 228, 211, 221, 229, 230, 222, 213, 401, 200, 188, 176, 164, 153, 140, 128, 117, 106, 105, 104, 116, 127, 138, 139, 163, 396, 201, 223, 231, 232, 224, 215, 203, 191, 179, 166, 155, 142, 130, 119, 387, 389, 141, 129, 118, 107, 154, 165, 394, 178, 397, 177, 190, 189, 202, 214, 206, 205, 204, 216, 403, 408, 407, 411, 412, 235, 217, 207, 196, 181, 168, 157, 145, 132, 122, 110, 100, 435, 94, 378, 379, 95, 63, 28, 27, 60, 59, 26, 25, 58, 57, 24, 87, 377, 108, 384, 120, 121, 109, 131, 390, 143, 144, 156, 167, 180, 193, 194, 195, 192, 393, 152, 162, 175, 187, 199, 212, 417, 416, 277, 295, 296, 297, 298, 428, 323, 322, 321, 320, 319, 318, 317, 291, 290, 316, 315, 314, 313, 287, 288, 289, 423, 420, 424, 293, 292, 294, 429, 304, 305, 306, 431, 437, 409, 218, 208, 197, 182, 169, 158, 146, 133, 123, 111, 99, 98, 406, 239, 392, 365]	
gr666.tsp	1	404503	73	27.0	46.49	5	1	5	0.5	0.1	5	QAS	[15, 14, 13, 12, 41, 42, 48, 47, 46, 45, 16, 17, 308, 307, 301, 300, 299, 298, 296, 297, 305, 306, 304, 302, 303, 265, 264, 263, 284, 287, 288, 285, 286, 289, 290, 293, 294, 292, 291, 295, 276, 275, 277, 278, 279, 282, 281, 280, 341, 342, 343, 344, 340, 338, 337, 339, 332, 283, 328, 329, 331, 330, 326, 325, 327, 321, 320, 319, 318, 317, 316, 311, 310, 436, 437, 312, 313, 314, 315, 439, 440, 442, 443, 445, 412, 446, 454, 488, 489, 490, 492, 491, 459, 458, 460, 520, 521, 524, 525, 515, 523, 514, 512, 511, 510, 509, 537, 538, 536, 535, 529, 528, 527, 526, 472, 470, 471, 530, 531, 532, 533, 534, 541, 542, 540, 539, 543, 544, 545, 559, 560, 601, 561, 562, 563, 564, 565, 566, 567, 573, 572, 571, 570, 569, 568, 606, 605, 604, 602, 603, 612, 614, 616, 615, 617, 613, 610, 611, 609, 608, 600, 599, 598, 607, 630, 629, 627, 628, 626, 625, 624, 623, 484, 482, 483, 481, 619, 485, 622, 632, 633, 631, 621, 620, 618, 634, 597, 596, 595, 594, 591, 592, 593, 639, 585, 590, 589, 586, 587, 588, 577, 574, 575, 576, 578, 579, 580, 581, 582, 583, 584, 548, 551, 553, 554, 555, 556, 557, 558, 552, 549, 546, 547, 550, 159, 163, 506, 505, 507, 165, 164, 160, 161, 162, 185, 184, 183, 182, 181, 170, 171, 172, 175, 174, 173, 169, 168, 167, 166, 138, 139, 140, 234, 240, 239, 241, 237, 238, 145, 144, 143, 142, 141, 235, 236, 249, 245, 252, 254, 259, 253, 248, 247, 246, 243, 242, 250, 251, 244, 255, 256, 257, 258, 377, 376, 378, 380, 381, 382, 383, 384, 425, 424, 426, 427, 486, 429, 428, 416, 415, 414, 413, 411, 410, 409, 422, 421, 423, 420, 418, 417, 374, 373, 372, 371, 375, 370, 262, 260, 261, 360, 361, 362, 363, 364, 272, 356, 357, 355, 354, 352, 353, 351, 271, 270, 269, 268, 267, 266, 274, 336, 273, 346, 347, 348, 350, 349, 400, 401, 396, 392, 391, 390, 441, 395, 399, 444, 407, 405, 398, 397, 402, 403, 368, 404, 369, 366, 365, 359, 358, 419, 408, 406, 367, 333, 345, 334, 335, 389, 394, 393, 433, 432, 430, 431, 487, 434, 153, 385, 386, 387, 388, 152, 151, 150, 149, 147, 146, 148, 179, 178, 177, 176, 192, 188, 189, 190, 195, 191, 197, 199, 198, 200, 201, 203, 204, 205, 202, 233, 232, 230, 229, 214, 213, 212, 211, 210, 209, 208, 196, 194, 193, 206, 207, 219, 218, 220, 228, 227, 226, 225, 215, 223, 222, 221, 224, 231, 650, 649, 648, 651, 652, 654, 653, 660, 662, 661, 663, 664, 92, 93, 94, 95, 91, 89, 90, 87, 82, 86, 81, 80, 79, 78, 77, 76, 75, 74, 72, 73, 51, 50, 49, 44, 39, 38, 32, 31, 30, 29, 10, 8, 9, 6, 7, 19, 18, 5, 4, 3, 2, 1, 478, 480, 479, 477, 474, 475, 476, 462, 461, 449, 450, 451, 452, 453, 455, 456, 457, 519, 522, 516, 517, 518, 494, 493, 435, 499, 500, 501, 498, 496, 497, 495, 154, 155, 156, 157, 158, 503, 504, 502, 513, 508, 473, 468, 465, 466, 467, 469, 447, 448, 324, 322, 323, 438, 309, 0, 463, 464, 659, 658, 657, 646, 645, 644, 642, 641, 643, 647, 640, 655, 656, 637, 638, 636, 635, 52, 28, 27, 25, 23, 22, 21, 20, 24, 26, 33, 34, 35, 40, 64, 63, 62, 60, 59, 58, 61, 57, 56, 55, 54, 53, 67, 66, 65, 68, 69, 70, 71, 88, 96, 136, 137, 100, 99, 98, 97, 116, 114, 115, 105, 106, 109, 110, 111, 112, 113, 117, 125, 126, 127, 128, 123, 124, 122, 121, 120, 119, 118, 103, 102, 101, 104, 108, 107, 665, 216, 217, 130, 129, 133, 134, 135, 83, 84, 85, 132, 131, 180, 186, 187, 379, 11, 43, 37, 36, 15]	
pr1002.tsp	1	379322	68	32.0	56.44	3	1	5	0.5	0.1	3	QAS	[98, 90, 91, 89, 92, 93, 97, 96, 95, 94, 133, 132, 99, 100, 101, 102, 103, 993, 106, 107, 108, 109, 111, 113, 114, 115, 117, 118, 105, 104, 116, 122, 123, 124, 126, 127, 128, 129, 131, 130, 136, 137, 135, 134, 76, 77, 78, 85, 86, 88, 87, 81, 80, 79, 53, 54, 55, 66, 65, 58, 64, 60, 61, 63, 62, 32, 31, 23, 22, 24, 21, 20, 17, 18, 19, 25, 29, 30, 33, 34, 35, 36, 37, 38, 39, 49, 48, 41, 40, 43, 42, 44, 311, 310, 309, 308, 307, 306, 305, 304, 990, 296, 297, 299, 298, 283, 282, 281, 280, 279, 277, 278, 276, 275, 274, 273, 272, 271, 270, 268, 267, 266, 265, 261, 260, 259, 247, 248, 249, 246, 245, 244, 243, 262, 263, 230, 231, 229, 225, 226, 227, 228, 264, 234, 233, 232, 220, 219, 214, 215, 211, 216, 218, 217, 235, 190, 191, 189, 188, 187, 193, 194, 195, 201, 196, 197, 198, 199, 200, 202, 203, 205, 206, 207, 208, 209, 210, 212, 213, 221, 222, 223, 224, 496, 495, 494, 493, 492, 482, 491, 483, 484, 512, 486, 487, 488, 485, 489, 490, 589, 588, 594, 593, 592, 590, 591, 558, 559, 557, 556, 555, 554, 553, 552, 551, 550, 549, 548, 547, 546, 545, 541, 540, 538, 539, 544, 543, 542, 561, 562, 563, 564, 518, 517, 519, 520, 521, 522, 523, 529, 528, 527, 526, 525, 524, 516, 515, 514, 513, 568, 569, 565, 566, 567, 572, 571, 570, 575, 574, 577, 576, 580, 581, 582, 583, 585, 586, 597, 587, 596, 595, 598, 599, 600, 601, 602, 603, 604, 605, 606, 607, 608, 609, 611, 610, 626, 627, 625, 624, 991, 632, 633, 634, 635, 636, 637, 638, 639, 640, 646, 647, 649, 648, 650, 645, 644, 370, 371, 372, 373, 374, 375, 378, 377, 368, 369, 376, 394, 383, 382, 384, 380, 379, 408, 407, 409, 405, 404, 420, 419, 417, 418, 421, 422, 461, 462, 463, 465, 464, 459, 457, 458, 460, 427, 429, 428, 455, 456, 454, 452, 451, 450, 449, 447, 448, 584, 445, 433, 432, 431, 430, 996, 434, 435, 436, 437, 438, 440, 439, 441, 442, 443, 444, 446, 453, 474, 475, 471, 470, 469, 479, 478, 477, 476, 473, 472, 467, 468, 466, 258, 257, 256, 255, 254, 253, 252, 994, 149, 148, 142, 141, 150, 151, 251, 250, 185, 240, 239, 237, 238, 236, 241, 242, 186, 158, 157, 161, 159, 160, 171, 170, 169, 172, 173, 177, 176, 174, 175, 178, 179, 180, 181, 182, 183, 184, 162, 163, 155, 154, 164, 165, 166, 168, 167, 156, 153, 152, 147, 143, 145, 146, 144, 138, 139, 140, 125, 269, 120, 119, 121, 300, 303, 301, 302, 112, 110, 82, 83, 84, 45, 47, 46, 318, 315, 314, 325, 324, 323, 328, 329, 330, 313, 312, 317, 316, 319, 322, 321, 320, 293, 292, 294, 295, 288, 289, 290, 291, 401, 402, 403, 406, 415, 416, 413, 414, 425, 423, 424, 426, 410, 411, 412, 709, 708, 706, 705, 695, 694, 693, 692, 691, 690, 689, 688, 687, 679, 680, 686, 685, 684, 682, 683, 987, 988, 989, 984, 983, 982, 981, 980, 979, 970, 971, 974, 972, 973, 975, 966, 965, 967, 968, 700, 699, 698, 697, 696, 704, 702, 703, 701, 964, 963, 962, 961, 960, 992, 954, 955, 953, 952, 941, 940, 939, 938, 937, 936, 935, 933, 934, 932, 931, 930, 929, 928, 927, 925, 915, 904, 903, 902, 905, 906, 907, 908, 909, 910, 911, 912, 776, 780, 782, 783, 784, 785, 786, 800, 801, 802, 803, 804, 799, 798, 797, 807, 806, 805, 1000, 808, 809, 810, 811, 819, 818, 813, 817, 814, 840, 839, 838, 835, 836, 837, 829, 828, 831, 830, 833, 832, 834, 826, 825, 827, 816, 815, 812, 841, 843, 844, 847, 845, 846, 848, 849, 854, 853, 856, 855, 861, 862, 863, 864, 865, 860, 859, 858, 857, 851, 850, 842, 895, 896, 897, 898, 899, 900, 901, 916, 917, 920, 919, 918, 885, 887, 888, 889, 890, 891, 892, 893, 894, 872, 871, 867, 866, 868, 869, 870, 874, 873, 876, 875, 877, 878, 879, 880, 881, 882, 886, 883, 884, 922, 923, 924, 926, 921, 913, 914, 777, 775, 771, 772, 774, 761, 760, 759, 758, 757, 756, 755, 787, 792, 793, 791, 790, 789, 788, 752, 751, 750, 749, 748, 745, 747, 746, 753, 754, 741, 743, 737, 733, 734, 735, 736, 707, 716, 720, 714, 713, 712, 710, 711, 722, 721, 719, 718, 717, 667, 666, 665, 669, 668, 671, 672, 677, 678, 673, 676, 674, 675, 681, 670, 664, 663, 662, 725, 724, 723, 727, 728, 726, 729, 730, 615, 614, 613, 612, 731, 732, 744, 742, 740, 739, 738, 942, 943, 944, 945, 947, 946, 948, 949, 950, 951, 976, 977, 978, 986, 985, 969, 715, 660, 661, 657, 658, 641, 642, 643, 652, 651, 653, 654, 656, 655, 363, 364, 361, 362, 360, 358, 357, 356, 353, 346, 345, 348, 349, 350, 351, 352, 344, 343, 340, 341, 342, 337, 338, 339, 336, 335, 334, 396, 397, 395, 398, 400, 399, 386, 387, 388, 392, 393, 391, 389, 390, 359, 354, 355, 659, 347, 385, 366, 365, 367, 381, 284, 285, 286, 287, 326, 327, 333, 332, 331, 26, 27, 28, 59, 57, 50, 52, 56, 51, 71, 72, 70, 67, 68, 69, 5, 3, 2, 4, 1, 0, 73, 74, 75, 6, 7, 8, 9, 13, 12, 15, 16, 10, 11, 14, 617, 616, 623, 622, 620, 621, 619, 618, 629, 630, 631, 628, 769, 770, 958, 959, 957, 956, 766, 765, 767, 768, 773, 999, 762, 763, 764, 779, 778, 781, 796, 795, 794, 820, 821, 822, 824, 823, 573, 578, 579, 997, 480, 481, 510, 509, 508, 507, 506, 501, 500, 502, 505, 504, 503, 498, 499, 497, 204, 192, 995, 511, 532, 534, 533, 535, 536, 537, 852, 1001, 560, 531, 530, 998, 98]	
pr2392.tsp	1	593168	64	36.0	337.35	2	1	5	0.5	0.1	2	QAS	[1848, 1851, 1849, 1852, 1853, 1855, 1854, 1857, 1856, 1858, 1859, 1861, 1860, 1862, 1863, 1864, 1865, 1866, 1867, 1868, 1869, 1872, 1871, 1870, 1812, 1813, 1814, 1815, 1816, 1809, 1810, 1811, 1821, 1820, 1818, 1819, 1817, 1765, 1773, 1769, 1768, 1766, 1767, 1822, 1825, 1826, 1829, 1830, 1831, 1832, 1833, 1834, 1835, 1836, 1837, 1838, 1839, 1840, 1841, 1842, 1850, 1847, 1844, 1846, 1845, 1652, 1653, 1654, 1651, 1650, 1655, 1660, 1661, 1663, 1662, 1670, 1671, 1635, 1633, 1636, 1669, 1668, 1667, 1666, 1665, 1673, 1672, 1634, 1674, 1683, 1684, 1685, 866, 867, 868, 869, 870, 871, 872, 873, 874, 875, 876, 877, 878, 1560, 1559, 1558, 1557, 1556, 1555, 1012, 1011, 1010, 1009, 1008, 1007, 1006, 1005, 1004, 1002, 999, 998, 997, 996, 995, 994, 993, 992, 906, 905, 904, 902, 903, 909, 910, 911, 912, 913, 914, 915, 917, 916, 961, 960, 420, 419, 963, 976, 975, 973, 972, 971, 970, 969, 968, 967, 966, 964, 965, 977, 978, 979, 980, 981, 982, 983, 984, 985, 986, 989, 988, 987, 991, 990, 1096, 1095, 1098, 1099, 1100, 1092, 1091, 1094, 1093, 1097, 1104, 1103, 1102, 1101, 1089, 1090, 1087, 1086, 1088, 1084, 1083, 1082, 1081, 1080, 1079, 1075, 1078, 1077, 1076, 1074, 1073, 1072, 1070, 1069, 1071, 1123, 1122, 1121, 1120, 1119, 1118, 1117, 1116, 1115, 1124, 1126, 1125, 1068, 1067, 1066, 1065, 1064, 1059, 1060, 1063, 1062, 1061, 1030, 1031, 1029, 1028, 1027, 1026, 1025, 1024, 1023, 1022, 1021, 1020, 1019, 1018, 1017, 1554, 1552, 1553, 1550, 1551, 1454, 1455, 1456, 1457, 1548, 1549, 1547, 1546, 1545, 1544, 1543, 1542, 1537, 1541, 1538, 1539, 1478, 1480, 1540, 1479, 1481, 1470, 1475, 1477, 1476, 1471, 1472, 1473, 1474, 1459, 1469, 1466, 1468, 1467, 1465, 1463, 1462, 1437, 1436, 1435, 1431, 1429, 1428, 1426, 1425, 1424, 1042, 1041, 1040, 1039, 1038, 1037, 1036, 1034, 1035, 1033, 1032, 1434, 1433, 1432, 1430, 1427, 1422, 1423, 1421, 1420, 1419, 1418, 1417, 1414, 1415, 1416, 1397, 1396, 1398, 1395, 1394, 1366, 1393, 1392, 1391, 1390, 1389, 1388, 1387, 1386, 1385, 1384, 1383, 1382, 1381, 1380, 1379, 1369, 1367, 1368, 1376, 1378, 1377, 1247, 1249, 1248, 1244, 1228, 1226, 1227, 1225, 1223, 1224, 1216, 1217, 1218, 1254, 1256, 1253, 1259, 1257, 1258, 1212, 1211, 1214, 1213, 1215, 1255, 1220, 1221, 1222, 1219, 1252, 1250, 1251, 1246, 1245, 1243, 1242, 1241, 1240, 1239, 1238, 1237, 1043, 1044, 1045, 1046, 1047, 1048, 1052, 1053, 1051, 1049, 1050, 1055, 1056, 1057, 1058, 1054, 1128, 1129, 1130, 1133, 1134, 1109, 1108, 1107, 1106, 1105, 1111, 1112, 1113, 1127, 1131, 1132, 1110, 366, 367, 368, 369, 370, 371, 372, 373, 374, 375, 377, 378, 382, 381, 384, 386, 385, 325, 324, 326, 327, 329, 330, 339, 340, 341, 338, 337, 332, 333, 334, 335, 336, 243, 242, 241, 240, 239, 238, 237, 236, 235, 234, 233, 232, 231, 230, 228, 229, 227, 214, 215, 213, 216, 217, 208, 207, 206, 205, 204, 125, 126, 220, 219, 218, 221, 222, 224, 223, 225, 226, 209, 211, 212, 244, 245, 246, 248, 247, 251, 252, 250, 249, 258, 259, 260, 261, 262, 267, 268, 269, 270, 271, 279, 278, 280, 281, 282, 283, 284, 285, 286, 288, 287, 291, 290, 306, 307, 309, 308, 310, 311, 315, 314, 312, 313, 316, 305, 318, 317, 320, 319, 304, 303, 302, 301, 300, 397, 396, 394, 393, 395, 392, 391, 390, 389, 388, 387, 383, 380, 379, 962, 907, 908, 901, 900, 899, 898, 897, 896, 801, 800, 799, 802, 813, 812, 803, 804, 811, 810, 809, 814, 815, 816, 895, 894, 893, 892, 891, 890, 818, 817, 819, 822, 825, 823, 824, 889, 888, 887, 886, 885, 884, 883, 882, 881, 880, 879, 857, 859, 858, 860, 856, 855, 854, 853, 851, 850, 849, 848, 847, 846, 1741, 1740, 1739, 1738, 1737, 1736, 1735, 1728, 1729, 1730, 1731, 1732, 1733, 1734, 1717, 1718, 1719, 1723, 1722, 1721, 1725, 1727, 1726, 1658, 1659, 1664, 1643, 1641, 1642, 1640, 1639, 1637, 1638, 1644, 1646, 1645, 1647, 1648, 1649, 2041, 2042, 2043, 2044, 2045, 2046, 2059, 2058, 2060, 2034, 2033, 2032, 2031, 2029, 2030, 2036, 2037, 2039, 2040, 2038, 2011, 2012, 2013, 2027, 2025, 2024, 2026, 2021, 2022, 2023, 2028, 2014, 2015, 2016, 2017, 2018, 2019, 2097, 2098, 2099, 2100, 2093, 2094, 2095, 2096, 1921, 1922, 1923, 1924, 1925, 1917, 1918, 1919, 1916, 1920, 1927, 1928, 1931, 1929, 1930, 1935, 1936, 1938, 1941, 1940, 1939, 1905, 1904, 1906, 1907, 1909, 1908, 1911, 1910, 1913, 1912, 1914, 1915, 1926, 1932, 1933, 1934, 1943, 1944, 1945, 1946, 1947, 1948, 1888, 1887, 1886, 1890, 1891, 1892, 1894, 1893, 1889, 1885, 1884, 1883, 1882, 1881, 1880, 1879, 1878, 1877, 1972, 1973, 1876, 1974, 1975, 1977, 1976, 1970, 1971, 1969, 1981, 1984, 1980, 1979, 1978, 1956, 1952, 1953, 1954, 1955, 1968, 1957, 1958, 1959, 1951, 1950, 1949, 1962, 1963, 1965, 1964, 1989, 1990, 1991, 1992, 1996, 1994, 1993, 1995, 1998, 1999, 1997, 1937, 1942, 1960, 1961, 1966, 1967, 1982, 1983, 1986, 1985, 1987, 1988, 1875, 1873, 1874, 1535, 1536, 1534, 1533, 1532, 1530, 1531, 2214, 2215, 2213, 2212, 2211, 2210, 2209, 2208, 2207, 2231, 2230, 2229, 2228, 2226, 2225, 2224, 2223, 2222, 2221, 2219, 2218, 2217, 2220, 1524, 1525, 1526, 1527, 1528, 1529, 1516, 1517, 1514, 1515, 1512, 1507, 1509, 1508, 1511, 1510, 1500, 1501, 1502, 1503, 1504, 1505, 1506, 1329, 1330, 1331, 1332, 1326, 1325, 1324, 1323, 1321, 1322, 1338, 1339, 1340, 1337, 1336, 1335, 1334, 1333, 2310, 2309, 2308, 2307, 2306, 2305, 2304, 2302, 2301, 2300, 2299, 2298, 2297, 2296, 2295, 2294, 2293, 2292, 2291, 2290, 2287, 2286, 2288, 2283, 2284, 2289, 2282, 2280, 2281, 2279, 2278, 2277, 2276, 2275, 2274, 2273, 2316, 2315, 2313, 2312, 2311, 1307, 1308, 1310, 1311, 1312, 1313, 2321, 2320, 2317, 2318, 2319, 1309, 2322, 2323, 2324, 2331, 2332, 2330, 2329, 2376, 2375, 2377, 2378, 2379, 2380, 2381, 2382, 2383, 2384, 2385, 1, 2386, 2389, 2388, 2387, 2391, 0, 2390, 7, 8, 6, 3, 2, 2328, 15, 16, 17, 18, 1296, 1297, 1298, 1299, 1300, 1301, 1302, 1303, 1304, 1306, 1305, 2326, 2325, 2333, 2334, 2373, 2374, 2371, 2372, 2337, 2336, 2335, 2338, 2340, 2341, 2342, 2339, 2343, 2344, 2345, 2346, 2351, 2350, 2352, 2353, 2354, 2355, 2356, 2357, 2358, 2359, 2360, 2361, 2363, 2364, 2367, 2365, 2366, 2347, 2362, 2368, 2370, 2369, 2349, 2348, 2285, 2314, 2303, 1327, 1328, 1408, 1407, 1409, 1410, 1411, 1412, 1413, 1406, 1399, 1400, 1401, 1402, 1403, 1404, 1405, 1347, 1346, 1317, 1318, 1320, 1319, 1316, 1314, 1315, 1350, 1351, 1352, 1286, 1287, 1288, 1289, 1290, 1291, 1292, 1293, 1294, 1295, 30, 31, 25, 26, 27, 28, 29, 19, 20, 21, 22, 23, 24, 35, 34, 36, 37, 38, 40, 39, 41, 42, 43, 44, 45, 46, 47, 49, 50, 51, 52, 53, 1270, 1269, 1268, 48, 1271, 1272, 1273, 1274, 1275, 1277, 1276, 1278, 1374, 1375, 1372, 1371, 1362, 1361, 1370, 1363, 1364, 1365, 1343, 1342, 1348, 1349, 1354, 1353, 1355, 1284, 1283, 1285, 1344, 1345, 1341, 1356, 1357, 1358, 1279, 1280, 1282, 33, 32, 1281, 60, 61, 62, 63, 64, 65, 67, 68, 69, 70, 71, 72, 73, 74, 75, 1209, 77, 78, 142, 143, 144, 145, 146, 138, 139, 140, 141, 1204, 1203, 155, 156, 153, 154, 1205, 1207, 1208, 151, 152, 150, 149, 148, 147, 1201, 1200, 1199, 1202, 1198, 1197, 1194, 1195, 1178, 1177, 1176, 1175, 1174, 1173, 1172, 1169, 1170, 1165, 1166, 1167, 1164, 1162, 1161, 1160, 1159, 1158, 1157, 1156, 1155, 1151, 1152, 1153, 1154, 1150, 1149, 1148, 1183, 1184, 1185, 1186, 1187, 1189, 1188, 1193, 1190, 1191, 1192, 158, 159, 157, 162, 161, 160, 167, 166, 165, 163, 164, 168, 185, 186, 184, 183, 182, 181, 180, 179, 178, 172, 173, 174, 176, 177, 175, 351, 352, 350, 356, 357, 354, 353, 355, 348, 347, 346, 345, 344, 342, 343, 358, 359, 360, 361, 362, 363, 365, 364, 1136, 1135, 1141, 1140, 1139, 1138, 1137, 1145, 1144, 1143, 1142, 1146, 1147, 171, 170, 169, 190, 193, 194, 199, 200, 201, 202, 203, 130, 131, 134, 133, 132, 197, 196, 195, 192, 191, 189, 188, 187, 255, 253, 254, 256, 257, 266, 265, 264, 263, 274, 275, 276, 277, 292, 289, 293, 294, 295, 296, 297, 298, 299, 398, 399, 400, 401, 402, 403, 404, 405, 407, 408, 409, 410, 411, 412, 413, 415, 414, 416, 418, 417, 438, 439, 440, 437, 436, 427, 426, 425, 424, 423, 422, 421, 959, 958, 957, 956, 955, 953, 954, 952, 951, 950, 949, 945, 944, 943, 942, 941, 939, 938, 937, 593, 592, 591, 590, 589, 588, 587, 585, 584, 586, 583, 582, 580, 581, 579, 577, 573, 576, 574, 575, 578, 572, 570, 571, 569, 568, 567, 565, 566, 564, 563, 556, 557, 558, 561, 560, 559, 617, 618, 619, 620, 622, 624, 623, 720, 719, 723, 724, 725, 722, 721, 621, 629, 630, 631, 632, 633, 634, 635, 695, 696, 694, 697, 698, 699, 700, 701, 702, 715, 716, 714, 713, 711, 712, 736, 737, 738, 743, 739, 741, 740, 603, 604, 601, 602, 600, 599, 598, 597, 596, 594, 595, 750, 749, 748, 747, 746, 745, 744, 735, 734, 733, 730, 729, 728, 731, 727, 726, 606, 605, 608, 607, 610, 611, 612, 613, 614, 615, 616, 562, 555, 554, 553, 552, 550, 548, 549, 542, 537, 538, 539, 540, 541, 551, 546, 547, 536, 535, 534, 533, 532, 531, 530, 529, 526, 525, 524, 504, 505, 509, 510, 511, 512, 513, 514, 515, 519, 518, 517, 516, 520, 521, 522, 523, 497, 498, 499, 500, 501, 502, 506, 507, 508, 503, 527, 528, 545, 544, 543, 485, 486, 487, 488, 484, 483, 482, 478, 477, 476, 475, 474, 473, 472, 469, 468, 467, 466, 470, 471, 465, 464, 463, 460, 459, 458, 457, 456, 455, 454, 453, 451, 450, 452, 449, 448, 447, 444, 445, 446, 433, 434, 432, 431, 430, 429, 428, 435, 441, 443, 442, 462, 481, 480, 479, 496, 495, 493, 494, 491, 492, 489, 490, 461, 807, 806, 793, 792, 791, 790, 789, 788, 787, 786, 785, 784, 783, 779, 780, 776, 778, 777, 758, 759, 760, 761, 762, 763, 764, 765, 766, 767, 774, 768, 773, 772, 775, 771, 769, 770, 808, 781, 782, 795, 796, 797, 798, 805, 794, 931, 932, 933, 934, 935, 936, 940, 923, 924, 922, 925, 927, 926, 928, 929, 930, 946, 948, 947, 918, 919, 920, 921, 754, 755, 756, 757, 669, 668, 845, 844, 843, 842, 840, 841, 837, 839, 838, 836, 852, 830, 827, 826, 821, 820, 828, 829, 835, 834, 833, 831, 832, 1681, 1682, 1689, 1688, 1687, 1690, 1691, 1692, 1693, 1712, 1713, 1714, 1715, 1708, 1709, 1710, 1711, 1716, 1700, 1701, 1702, 1703, 1706, 1707, 1705, 1704, 1696, 1694, 1695, 1699, 1698, 1697, 862, 861, 863, 864, 865, 1686, 1675, 1676, 1677, 1678, 1632, 1631, 1630, 1629, 1628, 1627, 1626, 1625, 1624, 1623, 1622, 1620, 1619, 1618, 1617, 1616, 1614, 1613, 1612, 1611, 2053, 2052, 2057, 2055, 2066, 2067, 2068, 2069, 2070, 2071, 1610, 1609, 1608, 1593, 1594, 1595, 1596, 1597, 1598, 1599, 1600, 1601, 1602, 1604, 1603, 1605, 1606, 2128, 2127, 2126, 2125, 2124, 2123, 2122, 2120, 2119, 2118, 2116, 2117, 2115, 2114, 2112, 2113, 2077, 2076, 2075, 2074, 2073, 2072, 1607, 1592, 1591, 1590, 1621, 1588, 1589, 1587, 1585, 1586, 1584, 1583, 1582, 1581, 1580, 1579, 1577, 1578, 1576, 1563, 1564, 1565, 1566, 1567, 1568, 1569, 1570, 1571, 1572, 1573, 1574, 1575, 1679, 1680, 1561, 1562, 1015, 1014, 1013, 1016, 1453, 1451, 1450, 1448, 1449, 1452, 1446, 1447, 1443, 1442, 1440, 1439, 1438, 1461, 1460, 1464, 1493, 1494, 1495, 1492, 1491, 1487, 1489, 1486, 1488, 1520, 1521, 1522, 1523, 1519, 1518, 1490, 1497, 1498, 1496, 1499, 2261, 2262, 2263, 2264, 2265, 2267, 2266, 2268, 2269, 2270, 2271, 2272, 2259, 2260, 2258, 2256, 2255, 2257, 2254, 2253, 2252, 2251, 2248, 2247, 2246, 2245, 2244, 2243, 2242, 2235, 2239, 2238, 2237, 2232, 2236, 2234, 2233, 2241, 2240, 2186, 2187, 2189, 2188, 2190, 2191, 2198, 2192, 2197, 2193, 2195, 2194, 2196, 2199, 2200, 2201, 2202, 2203, 2204, 2205, 2206, 2216, 1485, 1483, 1484, 1482, 1445, 1444, 1441, 1458, 1373, 1360, 1359, 1261, 1260, 1263, 1262, 1264, 1266, 1265, 1267, 1210, 58, 59, 57, 56, 55, 54, 66, 79, 80, 81, 82, 83, 85, 86, 87, 88, 89, 84, 96, 95, 94, 93, 92, 91, 90, 129, 128, 105, 127, 104, 103, 102, 101, 100, 99, 98, 97, 106, 107, 112, 111, 108, 109, 110, 118, 117, 116, 115, 114, 113, 119, 120, 121, 122, 123, 124, 210, 198, 135, 136, 137, 76, 1206, 1196, 1179, 1180, 1181, 1182, 1163, 1171, 1168, 1235, 1236, 1234, 1231, 1230, 1229, 1232, 1233, 1513, 2227, 2250, 2249, 2175, 2176, 2181, 2178, 2179, 2180, 2143, 2144, 2145, 2142, 2141, 2140, 2139, 2138, 2136, 2135, 2137, 2133, 2134, 2132, 2131, 2130, 2129, 2081, 2080, 2078, 2079, 2084, 2085, 2087, 2086, 2105, 2104, 2101, 2103, 2106, 2108, 2109, 2111, 2110, 2107, 2102, 2092, 2088, 2089, 2090, 2091, 2083, 2082, 2121, 2054, 2056, 2065, 2064, 2063, 2062, 2061, 2048, 2047, 2049, 2050, 2051, 1615, 2035, 1656, 1657, 1720, 1724, 1843, 1748, 1747, 1746, 1744, 1745, 1742, 1743, 666, 665, 662, 663, 664, 672, 673, 674, 675, 678, 676, 677, 650, 649, 648, 647, 646, 645, 1791, 1797, 1796, 1795, 1798, 1789, 1788, 1787, 1790, 1786, 1785, 1784, 1783, 1782, 1779, 1778, 1777, 1776, 1770, 1771, 1772, 1774, 1763, 1764, 1823, 1824, 1756, 1759, 1760, 1761, 1762, 1758, 1757, 1775, 1799, 1800, 1801, 1803, 1804, 1805, 1806, 1807, 1808, 1802, 1794, 1792, 1793, 644, 643, 642, 641, 640, 638, 639, 637, 636, 689, 685, 687, 688, 684, 683, 682, 680, 681, 690, 691, 692, 693, 704, 705, 706, 707, 709, 710, 732, 609, 626, 625, 627, 628, 717, 718, 703, 708, 742, 751, 752, 753, 1780, 1781, 652, 651, 653, 654, 656, 655, 658, 657, 660, 659, 661, 1752, 1750, 1749, 1753, 1754, 1755, 1751, 679, 671, 670, 667, 686, 2004, 2005, 2006, 2007, 2008, 2009, 2010, 2000, 2001, 2003, 2002, 1827, 1828, 1902, 1901, 1900, 1899, 1898, 1903, 1896, 1897, 1895, 2020, 2170, 2167, 2168, 2169, 2171, 2172, 2173, 2174, 2177, 2149, 2148, 2147, 2146, 2150, 2151, 2152, 2153, 2154, 2155, 2156, 2159, 2158, 2160, 2163, 2161, 2162, 2165, 2166, 2157, 2164, 2183, 2184, 2185, 2182, 14, 13, 12, 11, 10, 9, 4, 5, 2327, 349, 331, 321, 323, 322, 328, 273, 272, 1085, 376, 1001, 1000, 1003, 1114, 974, 406, 1848]	
