instancja	l_wykonan	naj_rozw.	dokladnosc [%]	naj_sciezka	temp_pocz.	wsp_chlodz.	schem_chlodz.	limit_epok	czas [s]	
brasil58.tsp	1	42040	60	(0, 19, 8, 39, 31, 23, 56, 26, 4, 35, 38, 53, 51, 40, 16, 5, 13, 33, 14, 36, 9, 57, 12, 24, 29, 17, 43, 49, 52, 3, 7, 54, 21, 47, 20, 28, 25, 50, 18, 32, 44, 55, 45, 27, 2, 10, 15, 41, 37, 30, 6, 1, 34, 46, 48, 42, 11, 22, 0)	100	0.5	Log	10000	0,0552	
brasil58.tsp	1	39870	64	(0, 29, 43, 3, 49, 52, 19, 31, 12, 8, 24, 39, 17, 26, 28, 44, 14, 33, 55, 45, 27, 11, 56, 22, 4, 1, 7, 23, 50, 9, 51, 34, 32, 36, 13, 20, 35, 18, 5, 40, 21, 41, 30, 6, 37, 15, 10, 38, 16, 25, 46, 48, 53, 54, 47, 2, 42, 57, 0)	100	0.5	Log	100000	0,5139	
brasil58.tsp	1	50352	50	(0, 57, 51, 10, 44, 55, 32, 16, 46, 21, 38, 34, 48, 42, 11, 22, 4, 15, 47, 1, 40, 9, 50, 54, 7, 2, 53, 3, 49, 19, 52, 56, 26, 18, 25, 33, 45, 14, 5, 29, 12, 39, 8, 31, 24, 43, 17, 23, 27, 13, 36, 28, 20, 35, 41, 6, 30, 37, 0)	100	0.5	Log	1000000	5,2233	
brasil58.tsp	1	43409	59	(0, 41, 6, 30, 37, 15, 10, 27, 36, 44, 32, 28, 2, 34, 53, 40, 38, 54, 48, 13, 14, 33, 45, 55, 20, 35, 5, 18, 25, 16, 50, 1, 47, 21, 26, 4, 7, 17, 23, 22, 56, 11, 51, 9, 29, 12, 8, 24, 31, 19, 52, 49, 39, 3, 46, 42, 57, 43, 0)	100	0.5	Log	1000000	5,4401	
brasil58.tsp	1	41641	61	(0, 44, 14, 45, 25, 47, 21, 3, 49, 52, 7, 54, 40, 4, 22, 56, 11, 26, 42, 48, 16, 46, 51, 2, 9, 34, 27, 32, 55, 33, 13, 36, 18, 5, 35, 28, 20, 38, 10, 15, 41, 6, 30, 37, 43, 23, 39, 24, 19, 31, 8, 12, 29, 50, 1, 53, 57, 17, 0)	100	0.85	Log	1000000	5,1098	
brasil58.tsp	1	44394	57	(0, 22, 53, 51, 35, 27, 50, 46, 2, 20, 28, 21, 3, 49, 7, 54, 1, 15, 30, 6, 37, 41, 10, 47, 38, 36, 13, 5, 18, 25, 14, 45, 44, 55, 16, 56, 11, 23, 57, 4, 34, 9, 32, 33, 48, 40, 42, 26, 12, 29, 17, 43, 39, 24, 8, 31, 19, 52, 0)	100	0.85	Log	1000000	5,3883	
brasil58.tsp	1	52474	48	(0, 43, 37, 30, 41, 6, 15, 47, 54, 48, 40, 23, 19, 52, 39, 12, 31, 17, 49, 3, 38, 20, 36, 33, 44, 55, 45, 16, 35, 25, 5, 27, 32, 46, 1, 28, 2, 50, 26, 51, 13, 14, 18, 42, 11, 29, 8, 24, 57, 4, 21, 7, 53, 9, 22, 34, 10, 56, 0)	10	0.99999999	Log	inf	2,1174	
brasil58.tsp	1	52636	48	(0, 56, 42, 11, 4, 27, 18, 5, 34, 35, 57, 23, 31, 19, 54, 1, 53, 51, 26, 7, 50, 13, 14, 33, 55, 20, 36, 15, 41, 6, 30, 37, 10, 16, 48, 2, 3, 52, 49, 43, 8, 12, 39, 29, 17, 22, 40, 46, 9, 47, 38, 21, 44, 45, 32, 28, 25, 24, 0)	10	0.9999	Log	inf	2,1314	
brasil58.tsp	1	30682	83	(0, 29, 12, 24, 31, 19, 8, 39, 43, 17, 23, 57, 52, 49, 3, 7, 21, 54, 53, 34, 40, 15, 41, 6, 30, 37, 10, 38, 47, 1, 9, 51, 2, 20, 35, 28, 50, 48, 46, 25, 18, 32, 44, 55, 45, 33, 14, 36, 13, 27, 5, 16, 42, 4, 26, 11, 56, 22, 0)	1000	0.9999	Geo	inf	15,3342	
brasil58.tsp	1	57251	44	(0, 9, 50, 47, 28, 38, 4, 7, 17, 39, 43, 29, 22, 2, 34, 42, 26, 11, 27, 36, 32, 13, 25, 10, 15, 37, 30, 6, 41, 23, 57, 48, 20, 5, 18, 35, 46, 21, 49, 52, 3, 14, 45, 33, 56, 24, 8, 54, 53, 40, 1, 51, 16, 55, 44, 19, 31, 12, 0)	1000	0.9999	Lin	inf	0,1175	
brasil58.tsp	1	38366	66	(0, 17, 4, 34, 40, 1, 53, 54, 37, 6, 30, 41, 15, 10, 26, 11, 56, 22, 23, 43, 19, 52, 49, 3, 7, 21, 47, 5, 13, 27, 18, 25, 9, 50, 46, 48, 42, 57, 29, 12, 8, 31, 24, 39, 2, 35, 16, 20, 38, 28, 32, 44, 55, 45, 33, 14, 36, 51, 0)	10000	0.85	Lin	inf	1,1702	
brasil58.tsp	1	36136	70	(0, 6, 30, 37, 41, 15, 10, 38, 20, 28, 32, 44, 55, 45, 33, 14, 11, 56, 23, 52, 49, 3, 21, 47, 1, 40, 4, 57, 29, 39, 24, 31, 19, 8, 12, 43, 17, 7, 54, 53, 51, 16, 18, 27, 36, 13, 5, 25, 35, 2, 34, 9, 50, 46, 48, 42, 26, 22, 0)	100000	0.9	Lin	inf	10,5745	
brasil58.tsp	1	35972	71	(0, 41, 37, 6, 30, 15, 10, 38, 2, 20, 28, 32, 55, 45, 33, 14, 35, 21, 7, 3, 49, 52, 19, 31, 8, 24, 39, 12, 29, 54, 53, 47, 1, 40, 34, 51, 44, 36, 13, 27, 46, 48, 4, 57, 23, 22, 56, 11, 26, 42, 50, 25, 5, 18, 16, 9, 17, 43, 0)	100000	0.9	Lin	inf	10,5852	
brasil58.tsp	1	35537	71	(0, 57, 25, 36, 33, 14, 13, 26, 11, 56, 22, 49, 3, 21, 54, 1, 40, 34, 9, 51, 50, 42, 48, 46, 38, 10, 15, 37, 6, 30, 41, 44, 45, 55, 32, 27, 5, 18, 16, 35, 20, 28, 2, 47, 53, 4, 7, 52, 19, 31, 8, 24, 39, 12, 29, 23, 43, 17, 0)	100000	0.85	Lin	inf	11,1555	
brasil58.tsp	1	32267	79	(0, 31, 19, 52, 49, 3, 17, 43, 23, 56, 11, 42, 26, 53, 1, 40, 34, 9, 2, 38, 10, 15, 41, 30, 6, 37, 54, 4, 22, 29, 12, 8, 24, 39, 7, 21, 47, 28, 20, 35, 16, 46, 48, 50, 51, 44, 55, 45, 33, 14, 36, 13, 32, 27, 5, 18, 25, 57, 0)	100000	0.8	Lin	inf	11,9105	
brasil58.tsp	1	41409	61	(0, 19, 52, 3, 49, 56, 48, 46, 50, 42, 11, 23, 43, 17, 7, 54, 53, 47, 38, 34, 2, 28, 35, 20, 36, 14, 33, 45, 55, 44, 32, 13, 27, 18, 5, 25, 16, 26, 24, 8, 31, 57, 4, 1, 40, 51, 9, 22, 29, 39, 12, 21, 15, 41, 37, 6, 30, 10, 0)	100000	0.8	Lin	inf	11,8999	
brasil58.tsp	1	37668	67	(0, 7, 37, 6, 30, 41, 15, 49, 3, 21, 28, 45, 33, 14, 36, 20, 10, 38, 47, 1, 40, 34, 9, 50, 51, 2, 35, 16, 25, 5, 27, 13, 32, 55, 44, 18, 46, 48, 42, 4, 22, 23, 43, 17, 8, 24, 31, 19, 52, 54, 53, 26, 11, 56, 57, 29, 12, 39, 0)	100000	0.7	Lin	inf	13,9175	
brasil58.tsp	1	36474	70	(0, 54, 38, 10, 15, 30, 6, 37, 41, 21, 7, 23, 39, 24, 31, 19, 8, 12, 29, 43, 17, 52, 49, 3, 28, 44, 36, 13, 18, 25, 35, 51, 34, 40, 4, 22, 56, 11, 26, 42, 14, 33, 45, 55, 32, 27, 5, 16, 46, 48, 50, 9, 2, 20, 47, 1, 53, 57, 0)	100000	0.7	Lin	inf	13,6833	
brasil58.tsp	1	34888	73	(0, 4, 26, 42, 51, 35, 20, 38, 7, 57, 23, 39, 24, 12, 29, 17, 43, 22, 56, 11, 48, 16, 25, 18, 5, 32, 13, 27, 46, 50, 9, 2, 34, 47, 40, 1, 53, 54, 21, 15, 41, 37, 6, 30, 10, 28, 44, 45, 55, 33, 14, 36, 3, 49, 52, 19, 31, 8, 0)	100000	0.5	Lin	inf	18,9639	
brasil58.tsp	1	37099	68	(0, 29, 12, 56, 11, 42, 48, 2, 38, 10, 15, 30, 6, 37, 41, 8, 39, 24, 31, 19, 7, 54, 47, 20, 35, 25, 5, 27, 13, 32, 55, 45, 44, 28, 9, 4, 57, 23, 17, 43, 52, 49, 3, 21, 53, 1, 40, 34, 51, 50, 46, 16, 18, 36, 14, 33, 26, 22, 0)	100000	0.5	Lin	inf	18,8606	
brasil58.tsp	1	112272	23	(0, 39, 20, 13, 48, 7, 3, 19, 41, 16, 56, 38, 18, 32, 1, 11, 9, 57, 6, 47, 14, 5, 49, 54, 23, 4, 52, 22, 24, 42, 12, 33, 40, 17, 53, 34, 55, 15, 2, 36, 50, 37, 30, 25, 10, 45, 43, 8, 29, 21, 31, 28, 26, 35, 46, 27, 44, 51, 0)	100000	0.5	Geo	inf	0,004	
brasil58.tsp	1	45097	56	(0, 29, 17, 57, 7, 1, 48, 11, 23, 24, 39, 8, 12, 53, 54, 37, 41, 40, 47, 4, 34, 28, 35, 25, 2, 20, 55, 45, 44, 32, 16, 38, 10, 30, 6, 15, 36, 33, 14, 13, 27, 5, 18, 50, 51, 46, 56, 22, 26, 42, 9, 21, 3, 49, 52, 19, 31, 43, 0)	100000	0.99	Geo	inf	0,2292	
brasil58.tsp	1	35000	73	(0, 17, 43, 23, 50, 9, 48, 46, 16, 5, 25, 47, 4, 56, 22, 42, 26, 11, 34, 40, 51, 38, 2, 1, 53, 54, 21, 3, 49, 52, 19, 8, 31, 24, 39, 12, 29, 57, 35, 18, 27, 36, 13, 33, 45, 55, 44, 14, 32, 28, 20, 10, 30, 6, 41, 37, 15, 7, 0)	100000	0.9999	Geo	inf	19,665	
brasil58.tsp	1	36957	69	(0, 43, 22, 15, 37, 41, 6, 30, 10, 38, 28, 35, 32, 45, 55, 33, 14, 36, 27, 18, 25, 46, 50, 40, 1, 7, 21, 54, 53, 3, 49, 52, 12, 29, 39, 24, 8, 19, 31, 17, 11, 56, 26, 42, 48, 9, 34, 47, 16, 51, 2, 20, 5, 44, 13, 4, 57, 23, 0)	1000000	0.9999	Geo	inf	1,2577	
brasil58.tsp	1	38055	67	(0, 43, 17, 15, 41, 37, 30, 6, 10, 38, 47, 54, 53, 40, 1, 51, 20, 35, 27, 13, 5, 18, 25, 57, 23, 56, 11, 26, 4, 48, 50, 46, 34, 2, 28, 45, 55, 32, 22, 29, 12, 42, 9, 16, 36, 14, 33, 44, 21, 7, 3, 49, 52, 19, 31, 8, 24, 39, 0)	1000000	0.9999	Geo	inf	1,1831	
brasil58.tsp	1	38813	65	(0, 4, 27, 13, 36, 45, 32, 44, 55, 33, 14, 20, 30, 6, 37, 41, 15, 10, 35, 18, 16, 28, 38, 34, 2, 47, 53, 46, 9, 51, 40, 1, 5, 25, 57, 23, 19, 52, 49, 3, 21, 54, 7, 17, 8, 31, 12, 39, 24, 29, 22, 11, 26, 50, 48, 42, 56, 43, 0)	1000000	0.9999	Geo	inf	1,1824	
brasil58.tsp	1	35784	71	(0, 17, 43, 57, 41, 6, 30, 37, 15, 7, 4, 26, 11, 42, 25, 5, 27, 13, 36, 32, 35, 28, 20, 10, 46, 56, 23, 29, 12, 39, 24, 8, 31, 19, 52, 49, 3, 21, 54, 47, 2, 38, 34, 51, 40, 9, 50, 48, 16, 44, 55, 45, 14, 33, 18, 53, 1, 22, 0)	100	0.9999	Geo	inf	0,723	
brasil58.tsp	1	39696	64	(0, 8, 52, 49, 3, 19, 39, 22, 11, 26, 34, 51, 38, 28, 47, 54, 2, 53, 40, 1, 50, 21, 7, 15, 30, 6, 37, 41, 10, 20, 55, 45, 33, 36, 14, 13, 9, 42, 57, 31, 12, 24, 29, 23, 56, 48, 46, 5, 25, 16, 44, 32, 27, 18, 35, 4, 43, 17, 0)	100	0.9999	Geo	inf	0,695	
brasil58.tsp	1	40805	62	(0, 57, 48, 46, 32, 55, 44, 36, 13, 5, 25, 18, 35, 42, 26, 4, 17, 19, 31, 24, 39, 43, 22, 11, 56, 23, 29, 12, 8, 50, 51, 16, 27, 33, 14, 45, 28, 20, 2, 21, 3, 49, 52, 7, 54, 47, 53, 1, 40, 9, 34, 38, 10, 6, 30, 37, 41, 15, 0)	100	0.9999	Geo	inf	0,7156	
brasil58.tsp	1	38818	65	(0, 17, 7, 53, 40, 51, 34, 35, 18, 14, 33, 45, 55, 44, 32, 28, 23, 29, 39, 24, 12, 56, 11, 42, 1, 38, 20, 2, 50, 46, 9, 54, 41, 37, 30, 6, 15, 21, 57, 43, 22, 4, 26, 48, 16, 25, 5, 27, 13, 36, 10, 47, 3, 49, 52, 19, 31, 8, 0)	100	0.9999	Geo	inf	0,6954	
brasil58.tsp	1	43719	58	(0, 22, 46, 50, 2, 1, 9, 42, 51, 18, 35, 10, 6, 30, 37, 41, 15, 16, 5, 25, 26, 11, 23, 39, 8, 12, 29, 43, 17, 3, 49, 52, 7, 21, 13, 36, 14, 33, 45, 55, 44, 32, 27, 4, 24, 31, 19, 57, 53, 47, 20, 38, 28, 40, 34, 54, 48, 56, 0)	100	0.9999	Geo	inf	0,7448	
brasil58.tsp	1	37676	67	(0, 19, 52, 49, 3, 7, 21, 38, 20, 2, 47, 40, 53, 4, 43, 17, 23, 57, 25, 18, 5, 27, 16, 35, 56, 12, 39, 31, 24, 8, 41, 30, 6, 37, 15, 10, 44, 55, 45, 14, 33, 36, 13, 32, 28, 34, 9, 42, 11, 26, 48, 46, 50, 51, 1, 54, 22, 29, 0)	1000000	0.9999	Geo	inf	1,185	
brasil58.tsp	1	38226	66	(0, 43, 9, 2, 20, 28, 38, 10, 15, 41, 6, 30, 37, 31, 19, 52, 49, 3, 7, 21, 54, 4, 57, 23, 22, 56, 44, 32, 55, 33, 14, 45, 36, 13, 51, 34, 50, 48, 42, 11, 26, 46, 27, 5, 25, 18, 35, 16, 47, 53, 40, 1, 17, 8, 24, 39, 12, 29, 0)	100000000	0.9999	Geo	inf	1,4051	
brasil58.tsp	1	92031	28	(0, 52, 17, 15, 43, 37, 35, 3, 8, 12, 29, 48, 40, 34, 13, 36, 1, 7, 38, 18, 47, 2, 32, 56, 25, 16, 57, 45, 44, 14, 54, 22, 9, 4, 24, 39, 11, 28, 10, 55, 20, 53, 21, 30, 41, 26, 23, 33, 27, 6, 19, 31, 50, 5, 42, 46, 51, 49, 0)	1000	0.5	Geo	inf	0,0	
brasil58.tsp	1	110372	23	(0, 55, 40, 15, 57, 18, 25, 36, 33, 6, 38, 53, 32, 3, 27, 13, 39, 2, 46, 24, 8, 43, 35, 56, 41, 17, 50, 4, 16, 14, 22, 9, 44, 49, 29, 26, 23, 1, 5, 51, 42, 47, 54, 31, 28, 45, 20, 34, 10, 12, 52, 11, 21, 48, 30, 37, 7, 19, 0)	100000	0.5	Geo	inf	0,0	
brasil58.tsp	1	124637	20	(0, 53, 1, 11, 42, 33, 5, 55, 51, 45, 23, 20, 14, 24, 21, 32, 2, 29, 50, 56, 47, 57, 31, 37, 26, 27, 10, 30, 40, 19, 3, 38, 28, 34, 36, 9, 35, 15, 16, 4, 12, 22, 6, 17, 41, 18, 46, 48, 44, 54, 39, 52, 7, 49, 43, 8, 25, 13, 0)	100000000	0.1	Geo	inf	0,0	
brasil58.tsp	1	27387	93	(0, 57, 23, 56, 11, 26, 42, 48, 46, 50, 51, 34, 9, 4, 22, 53, 1, 40, 47, 2, 20, 27, 32, 44, 55, 45, 33, 14, 36, 13, 5, 18, 25, 16, 35, 28, 38, 10, 37, 30, 6, 41, 15, 54, 7, 21, 3, 49, 52, 19, 31, 24, 8, 39, 12, 29, 43, 17, 0)	100000000	0.99999	Geo	inf	13,9742	
brasil58.tsp	1	43070	59	(0, 17, 2, 20, 44, 45, 55, 32, 28, 38, 10, 15, 41, 37, 43, 24, 8, 31, 19, 52, 49, 3, 30, 6, 29, 12, 39, 57, 25, 5, 18, 16, 35, 13, 36, 33, 14, 27, 46, 42, 26, 4, 7, 21, 54, 53, 9, 34, 40, 47, 1, 51, 50, 48, 11, 56, 22, 23, 0)	100000000	0.9999	Geo	inf	1,6224	
brasil58.tsp	1	29421	86	(0, 17, 57, 25, 5, 32, 44, 55, 45, 33, 14, 36, 13, 27, 18, 35, 16, 46, 50, 51, 9, 34, 47, 1, 40, 4, 22, 43, 29, 12, 39, 24, 8, 31, 19, 52, 49, 3, 21, 7, 54, 53, 15, 41, 37, 30, 6, 10, 38, 20, 28, 2, 48, 42, 26, 11, 56, 23, 0)	100000	0.999999	Geo	inf	128,7893	
brasil58.tsp	1	35443	72	(0, 12, 8, 31, 24, 39, 29, 22, 56, 33, 45, 55, 32, 20, 2, 47, 21, 54, 53, 1, 40, 34, 51, 9, 4, 26, 11, 42, 48, 50, 46, 16, 35, 28, 44, 14, 36, 13, 27, 5, 18, 25, 38, 10, 3, 49, 52, 19, 17, 7, 37, 6, 30, 41, 15, 57, 23, 43, 0)	100000	0.9999	Geo	inf	1,1984	
brasil58.tsp	1	37091	68	(0, 12, 8, 24, 29, 23, 22, 54, 53, 4, 26, 56, 11, 42, 32, 44, 36, 13, 27, 46, 48, 50, 9, 34, 40, 1, 15, 41, 37, 6, 30, 10, 38, 28, 45, 55, 33, 14, 20, 2, 3, 49, 57, 25, 5, 18, 35, 16, 51, 47, 21, 7, 17, 43, 39, 31, 19, 52, 0)	100000	0.9999	Geo	inf	1,2109	
brasil58.tsp	1	34905	73	(0, 23, 56, 11, 42, 4, 1, 40, 2, 38, 51, 50, 34, 9, 54, 21, 15, 41, 30, 6, 37, 10, 28, 16, 32, 45, 33, 14, 13, 5, 35, 46, 48, 26, 22, 29, 12, 39, 8, 17, 43, 57, 25, 18, 27, 36, 44, 55, 20, 47, 53, 7, 3, 52, 49, 19, 31, 24, 0)	1000000	0.9999	Geo	inf	1,3102	
brasil58.tsp	1	34002	75	(0, 12, 39, 29, 57, 7, 37, 6, 30, 41, 15, 3, 49, 52, 19, 22, 4, 26, 50, 46, 51, 9, 34, 38, 20, 36, 13, 27, 18, 5, 25, 35, 2, 40, 1, 53, 54, 21, 47, 10, 28, 44, 14, 33, 45, 55, 32, 16, 48, 42, 11, 56, 23, 43, 17, 8, 31, 24, 0)	1000000	0.9999	Geo	inf	1,3351	
brasil58.tsp	100	31119	82	(0, 57, 46, 50, 16, 25, 18, 5, 27, 13, 36, 14, 33, 45, 55, 44, 32, 10, 30, 6, 37, 41, 15, 3, 49, 52, 19, 31, 24, 8, 12, 39, 23, 56, 11, 22, 4, 26, 42, 48, 9, 47, 28, 35, 20, 38, 2, 34, 51, 40, 1, 53, 54, 21, 7, 17, 43, 29, 0)	1000000	0.9999	Geo	inf	138,4056	
tsp_10.txt	1	239	10626	(0, 5, 7, 8, 4, 2, 9, 6, 1, 3, 0)	10000	0.999	Geo	10	0,2199	
tsp_10.txt	1	212	11979	(0, 3, 4, 2, 8, 7, 6, 9, 1, 5, 0)	10000	0.999	Geo	10	0,215	
tsp_10.txt	1	212	11979	(0, 5, 1, 9, 6, 7, 8, 2, 4, 3, 0)	10000	0.999	Geo	10	0,2477	
tsp_10.txt	1	241	10537	(0, 3, 4, 2, 8, 7, 5, 1, 6, 9, 0)	10000	0.999	Geo	10	0,2196	
tsp_10.txt	1	262	9693	(0, 9, 6, 7, 5, 1, 4, 8, 2, 3, 0)	10000	0.999	Geo	10	0,215	
tsp_10.txt	1	234	10853	(0, 3, 1, 5, 4, 2, 8, 7, 6, 9, 0)	10000	0.999	Geo	10	0,2196	
tsp_10.txt	1	252	10077	(0, 9, 6, 7, 8, 5, 1, 4, 2, 3, 0)	10000	0.999	Geo	10	0,2148	
tsp_10.txt	1	212	11979	(0, 3, 4, 2, 8, 7, 6, 9, 1, 5, 0)	10000	0.999	Geo	10	0,2261	
tsp_10.txt	1	212	11979	(0, 3, 4, 2, 8, 7, 6, 9, 1, 5, 0)	10000	0.999	Geo	10	0,2185	
tsp_10.txt	1	212	11979	(0, 3, 4, 2, 8, 7, 6, 9, 1, 5, 0)	10000	0.999	Geo	10	0,216	
brasil58.tsp	1	47253	54	(0, 43, 39, 29, 24, 8, 31, 12, 37, 41, 55, 45, 33, 13, 32, 20, 15, 6, 30, 50, 9, 48, 46, 16, 38, 2, 34, 28, 35, 25, 36, 14, 18, 5, 27, 44, 51, 42, 26, 40, 10, 1, 53, 54, 56, 11, 23, 17, 49, 3, 52, 19, 7, 21, 47, 22, 4, 57, 0)	10000	0.999	Geo	10	0,23	
brasil58.tsp	1	54837	46	(0, 17, 29, 12, 19, 24, 31, 8, 39, 34, 46, 2, 27, 38, 10, 47, 15, 49, 43, 23, 57, 4, 22, 56, 11, 20, 36, 45, 32, 13, 55, 44, 33, 14, 18, 28, 3, 9, 26, 42, 48, 50, 25, 35, 52, 7, 1, 40, 6, 30, 37, 41, 21, 5, 51, 16, 54, 53, 0)	10000	0.999	Geo	100	0,0274	
brasil58.tsp	1	78449	32	(0, 42, 26, 53, 46, 14, 32, 44, 28, 12, 43, 52, 20, 55, 47, 4, 22, 17, 7, 11, 56, 27, 18, 51, 40, 50, 57, 3, 49, 8, 29, 19, 21, 54, 34, 9, 38, 10, 37, 15, 23, 31, 30, 2, 35, 25, 16, 24, 39, 36, 45, 33, 13, 5, 48, 1, 6, 41, 0)	10000	0.999	Geo	100	0,034	
brasil58.tsp	1	119577	21	(0, 24, 34, 31, 46, 50, 23, 20, 42, 16, 4, 51, 45, 44, 19, 48, 13, 21, 37, 14, 10, 41, 25, 28, 22, 57, 29, 38, 33, 55, 8, 15, 26, 43, 53, 40, 56, 36, 49, 17, 1, 9, 2, 5, 6, 11, 54, 39, 3, 52, 30, 32, 18, 35, 7, 12, 47, 27, 0)	10000	0.999	Geo	10000	0,005	
brasil58.tsp	1	70566	36	(0, 3, 41, 30, 51, 53, 56, 11, 34, 38, 21, 12, 57, 50, 2, 48, 10, 15, 28, 16, 35, 55, 44, 45, 14, 20, 32, 27, 25, 46, 42, 36, 5, 40, 9, 49, 19, 29, 43, 17, 7, 1, 47, 6, 4, 23, 52, 8, 31, 39, 24, 37, 54, 18, 13, 33, 26, 22, 0)	1000000	0.999	Geo	100	0,031	
brasil58.tsp	1	127040	20	(0, 40, 42, 36, 34, 47, 54, 32, 24, 15, 29, 56, 11, 14, 46, 51, 23, 25, 16, 57, 13, 21, 7, 49, 18, 50, 38, 48, 6, 9, 30, 8, 17, 10, 44, 45, 12, 5, 27, 22, 53, 1, 33, 43, 31, 35, 37, 39, 20, 52, 3, 2, 41, 19, 28, 4, 26, 55, 0)	1000000	0.85	Geo	100	0,0	
brasil58.tsp	1	127108	20	(0, 34, 25, 36, 29, 50, 51, 45, 6, 13, 21, 42, 5, 41, 35, 24, 48, 40, 22, 46, 16, 38, 30, 3, 20, 11, 57, 12, 1, 53, 7, 19, 44, 37, 9, 4, 28, 39, 31, 52, 55, 27, 43, 54, 10, 17, 26, 32, 15, 49, 23, 47, 8, 33, 56, 14, 2, 18, 0)	1000000	0.85	Geo	100	0,001	
brasil58.tsp	1	117630	22	(0, 4, 51, 16, 8, 53, 14, 33, 29, 46, 19, 52, 23, 10, 43, 15, 42, 31, 12, 54, 57, 40, 11, 28, 3, 6, 30, 21, 56, 9, 26, 20, 1, 38, 22, 47, 41, 5, 7, 24, 27, 32, 48, 35, 2, 49, 18, 25, 36, 50, 17, 44, 34, 39, 13, 37, 55, 45, 0)	1000000	0.85	Geo	50	0,001	
brasil58.tsp	1	84916	30	(0, 4, 16, 25, 28, 48, 11, 22, 46, 53, 1, 23, 43, 10, 34, 32, 36, 44, 18, 13, 26, 19, 15, 50, 45, 35, 9, 31, 8, 54, 30, 6, 21, 51, 27, 5, 57, 14, 55, 33, 38, 20, 2, 40, 47, 24, 39, 49, 37, 42, 17, 29, 12, 3, 52, 7, 56, 41, 0)	1000000	0.85	Geo	1	0,018	
brasil58.tsp	1	82363	31	(0, 22, 37, 20, 18, 55, 42, 34, 10, 21, 49, 15, 54, 51, 23, 4, 2, 5, 3, 6, 30, 14, 35, 41, 48, 26, 52, 31, 9, 11, 50, 53, 46, 25, 28, 56, 57, 7, 24, 8, 12, 27, 13, 40, 1, 47, 38, 16, 44, 33, 36, 45, 32, 17, 43, 39, 29, 19, 0)	1000000	0.85	Geo	1	0,016	
brasil58.tsp	1	106713	24	(0, 22, 26, 29, 7, 12, 41, 50, 48, 23, 27, 14, 52, 42, 8, 49, 51, 15, 37, 36, 11, 43, 45, 25, 4, 33, 9, 19, 57, 55, 10, 40, 35, 46, 21, 30, 20, 28, 6, 53, 54, 18, 47, 17, 39, 31, 56, 24, 3, 32, 13, 44, 5, 38, 1, 2, 34, 16, 0)	1000000	0.85	Geo	5	0,004	
brasil58.tsp	1	113655	22	(0, 34, 19, 47, 21, 44, 40, 43, 17, 26, 11, 5, 30, 15, 20, 38, 29, 23, 9, 18, 8, 49, 36, 14, 55, 32, 4, 46, 57, 7, 1, 48, 3, 31, 33, 24, 6, 45, 25, 2, 41, 12, 54, 53, 10, 13, 52, 51, 16, 35, 28, 27, 37, 50, 22, 39, 42, 56, 0)	1000000	0.85	Geo	5	0,004	
brasil58.tsp	1	32525	78	(0, 31, 19, 52, 3, 49, 43, 22, 40, 1, 47, 28, 38, 34, 9, 51, 50, 46, 48, 42, 26, 11, 56, 23, 29, 12, 39, 24, 8, 17, 4, 2, 20, 27, 13, 36, 14, 33, 45, 55, 44, 32, 18, 5, 25, 16, 35, 10, 15, 41, 37, 6, 30, 21, 7, 54, 53, 57, 0)	1000000	0.9999	Geo	5	4,6573	
brasil58.tsp	1	36200	70	(0, 17, 43, 22, 40, 34, 9, 51, 44, 45, 55, 32, 28, 2, 4, 8, 31, 19, 52, 49, 3, 21, 47, 1, 53, 54, 7, 37, 41, 30, 6, 15, 10, 38, 20, 35, 16, 25, 18, 5, 27, 13, 36, 14, 33, 50, 42, 11, 56, 23, 29, 12, 24, 39, 57, 48, 46, 26, 0)	1000000	0.9999	Geo	15	1,6309	
brasil58.tsp	1	38652	66	(0, 8, 24, 31, 19, 17, 22, 4, 2, 20, 27, 13, 36, 32, 28, 51, 47, 54, 53, 1, 40, 38, 10, 15, 41, 6, 30, 37, 7, 52, 49, 3, 21, 34, 9, 50, 16, 35, 25, 5, 18, 46, 48, 57, 43, 39, 12, 29, 23, 56, 11, 42, 14, 33, 45, 55, 44, 26, 0)	1000000	0.9999	Geo	15	1,6749	
brasil58.tsp	1	36867	69	(0, 23, 16, 5, 25, 57, 29, 39, 24, 8, 31, 19, 12, 7, 21, 54, 53, 1, 40, 2, 20, 6, 30, 37, 41, 15, 10, 38, 47, 4, 22, 52, 49, 3, 35, 18, 14, 33, 45, 55, 44, 36, 13, 27, 32, 28, 34, 51, 48, 46, 50, 9, 42, 26, 11, 56, 43, 17, 0)	1000000	0.9999	Geo	15	1,6324	
brasil58.tsp	1	32085	79	(0, 43, 22, 40, 34, 51, 27, 5, 18, 25, 16, 35, 20, 38, 2, 47, 54, 53, 1, 9, 50, 42, 26, 4, 57, 23, 52, 49, 3, 19, 31, 8, 24, 39, 12, 29, 17, 7, 21, 41, 30, 6, 37, 15, 10, 28, 44, 55, 45, 33, 14, 36, 13, 32, 46, 48, 11, 56, 0)	1000000	0.9999	Geo	15	24,056	
brasil58.tsp	1	33067	77	(0, 12, 39, 24, 31, 19, 8, 29, 57, 7, 21, 54, 53, 1, 40, 34, 9, 48, 42, 11, 56, 52, 49, 3, 47, 2, 38, 18, 36, 33, 14, 44, 32, 28, 41, 30, 6, 37, 15, 10, 20, 55, 45, 13, 27, 5, 25, 35, 16, 51, 46, 50, 26, 4, 22, 23, 43, 17, 0)	10000	0.9999	Geo	15	19,836	
brasil58.tsp	1	35045	72	(0, 17, 43, 23, 57, 25, 18, 5, 27, 20, 41, 30, 6, 37, 15, 10, 38, 47, 53, 54, 7, 52, 19, 49, 3, 21, 1, 40, 4, 22, 39, 24, 31, 8, 12, 29, 26, 42, 48, 46, 50, 9, 34, 2, 51, 16, 35, 28, 32, 44, 55, 45, 33, 14, 36, 13, 11, 56, 0)	10000	0.9999	Geo	15	19,5902	
brasil58.tsp	1	29098	87	(0, 43, 57, 23, 56, 11, 26, 42, 48, 9, 34, 2, 51, 50, 46, 25, 5, 18, 35, 10, 15, 41, 37, 30, 6, 28, 32, 44, 55, 45, 33, 14, 36, 13, 27, 16, 20, 38, 47, 40, 1, 53, 54, 21, 7, 4, 22, 29, 12, 39, 24, 8, 31, 19, 52, 49, 3, 17, 0)	10000	0.9999	Geo	50	20,9842	
brasil58.tsp	1	31634	80	(0, 23, 56, 11, 26, 42, 48, 46, 50, 9, 2, 38, 10, 15, 41, 6, 30, 37, 7, 54, 47, 34, 51, 16, 25, 5, 18, 35, 20, 28, 32, 44, 55, 45, 33, 14, 36, 13, 27, 21, 3, 49, 52, 19, 31, 29, 57, 53, 1, 40, 4, 22, 43, 17, 8, 24, 39, 12, 0)	10000	0.999	Geo	50	2,1195	
brasil58.tsp	1	37011	69	(0, 12, 8, 39, 29, 23, 56, 11, 26, 4, 54, 53, 1, 10, 30, 6, 37, 41, 15, 3, 49, 52, 57, 42, 48, 46, 16, 27, 13, 36, 18, 5, 25, 35, 32, 44, 14, 33, 55, 45, 28, 2, 40, 22, 24, 31, 19, 7, 21, 47, 20, 38, 34, 9, 51, 50, 43, 17, 0)	100000	0.999	Geo	50	2,3835	
brasil58.tsp	1	31803	80	(0, 17, 7, 15, 41, 37, 30, 6, 54, 53, 1, 47, 40, 51, 34, 2, 38, 10, 28, 44, 55, 45, 33, 14, 36, 13, 32, 27, 5, 18, 25, 16, 20, 35, 46, 26, 4, 22, 24, 31, 19, 52, 49, 3, 21, 9, 50, 48, 42, 11, 56, 23, 57, 43, 29, 39, 8, 12, 0)	100000	0.999	Geo	50	2,4458	
brasil58.tsp	5	27516	92	(0, 29, 12, 39, 24, 8, 31, 19, 52, 49, 3, 22, 56, 11, 42, 26, 4, 7, 21, 37, 30, 6, 41, 15, 10, 38, 2, 34, 9, 51, 50, 48, 46, 25, 18, 5, 27, 13, 36, 14, 33, 45, 55, 44, 32, 16, 35, 20, 28, 47, 40, 1, 53, 54, 57, 23, 43, 17, 0)	10000	0.9999	Geo	50	15,0551	
brasil58.tsp	5	30287	84	(0, 17, 43, 57, 7, 21, 54, 53, 1, 47, 40, 34, 9, 51, 25, 5, 13, 36, 14, 33, 45, 55, 44, 32, 27, 18, 16, 35, 20, 28, 4, 22, 29, 12, 39, 23, 56, 11, 26, 42, 48, 46, 50, 2, 38, 10, 15, 41, 30, 6, 37, 3, 49, 52, 19, 31, 24, 8, 0)	10000	0.9999	Geo	50	15,6234	
brasil58.tsp	5	28834	88	(0, 17, 43, 23, 57, 25, 5, 27, 18, 16, 35, 20, 47, 1, 21, 7, 54, 53, 40, 34, 9, 2, 38, 41, 37, 30, 6, 15, 10, 28, 32, 13, 36, 14, 33, 45, 55, 44, 51, 50, 46, 48, 42, 4, 26, 11, 56, 22, 3, 49, 52, 19, 31, 8, 24, 39, 12, 29, 0)	10000	0.9999	Geo	50	15,5636	
brasil58.tsp	5	28389	89	(0, 12, 31, 19, 52, 49, 3, 21, 15, 41, 37, 6, 30, 10, 13, 36, 14, 33, 45, 55, 44, 32, 27, 5, 18, 25, 35, 16, 46, 48, 50, 51, 9, 34, 40, 2, 28, 20, 38, 47, 1, 53, 54, 7, 4, 26, 42, 11, 56, 22, 23, 57, 43, 17, 8, 24, 39, 29, 0)	10000	0.9999	Geo	75	19,598	
brasil58.tsp	5	29321	87	(0, 17, 57, 25, 5, 18, 32, 44, 55, 45, 33, 14, 36, 13, 27, 46, 50, 9, 34, 2, 47, 28, 35, 16, 20, 38, 10, 6, 30, 37, 41, 15, 21, 7, 3, 49, 52, 19, 31, 8, 24, 39, 12, 29, 43, 23, 56, 11, 26, 42, 48, 51, 40, 1, 53, 54, 4, 22, 0)	10000	0.9999	Geo	75	19,2904	
brasil58.tsp	5	29323	87	(0, 19, 52, 49, 3, 21, 47, 38, 28, 2, 9, 48, 42, 26, 11, 56, 22, 4, 54, 53, 1, 40, 34, 51, 50, 46, 35, 16, 25, 5, 18, 32, 44, 55, 45, 33, 14, 36, 13, 27, 20, 10, 15, 41, 30, 6, 37, 7, 57, 23, 29, 12, 8, 31, 24, 39, 43, 17, 0)	10000	0.9999	Geo	75	19,6966	
brasil58.tsp	5	28651	89	(0, 12, 52, 49, 3, 19, 31, 8, 24, 39, 29, 56, 11, 2, 20, 36, 13, 14, 33, 45, 55, 44, 32, 27, 5, 18, 25, 16, 35, 28, 34, 40, 1, 47, 38, 10, 15, 41, 30, 6, 37, 21, 7, 54, 53, 51, 9, 50, 46, 48, 42, 26, 4, 22, 23, 57, 43, 17, 0)	100000	0.9999	Geo	75	20,4881	
brasil58.tsp	5	29679	86	(0, 43, 29, 12, 39, 24, 8, 31, 19, 52, 49, 3, 17, 57, 23, 22, 56, 11, 42, 48, 16, 18, 27, 32, 44, 55, 45, 33, 14, 36, 13, 5, 25, 35, 20, 28, 2, 9, 51, 40, 47, 1, 53, 54, 7, 4, 26, 46, 50, 34, 38, 10, 15, 41, 37, 6, 30, 21, 0)	100000	0.9999	Geo	75	21,2741	
brasil58.tsp	5	79307	32	(0, 10, 53, 28, 55, 44, 13, 25, 46, 12, 52, 33, 18, 35, 38, 40, 26, 34, 32, 48, 15, 6, 30, 37, 22, 56, 11, 45, 36, 27, 5, 1, 31, 49, 43, 14, 2, 9, 50, 41, 7, 4, 42, 57, 29, 23, 20, 47, 21, 17, 54, 3, 24, 19, 39, 8, 16, 51, 0)	100000	0.9999	Lin	10	4,8297	
brasil58.tsp	5	35170	72	(0, 23, 22, 4, 41, 6, 30, 37, 15, 10, 38, 34, 51, 35, 20, 2, 47, 28, 32, 44, 55, 45, 36, 13, 5, 9, 40, 21, 3, 49, 52, 7, 54, 1, 53, 56, 11, 26, 42, 50, 16, 25, 18, 14, 33, 27, 46, 48, 57, 29, 12, 39, 24, 8, 31, 19, 17, 43, 0)	100000	0.9999	Geo	10	10,9666	
brasil58.tsp	5	32987	77	(0, 29, 12, 39, 43, 17, 7, 53, 1, 40, 34, 9, 2, 20, 36, 44, 45, 55, 32, 28, 42, 11, 56, 23, 22, 4, 26, 51, 47, 54, 21, 41, 37, 6, 30, 15, 10, 38, 50, 48, 46, 16, 35, 18, 27, 33, 14, 13, 5, 25, 57, 52, 49, 3, 19, 31, 24, 8, 0)	100000	0.9999	Geo	10	11,0207	
brasil58.tsp	5	112934	22	(0, 5, 31, 39, 48, 3, 24, 56, 20, 35, 26, 45, 25, 18, 12, 8, 4, 57, 10, 28, 7, 15, 27, 32, 6, 41, 54, 33, 53, 14, 50, 47, 34, 22, 17, 51, 49, 16, 9, 30, 52, 2, 44, 46, 23, 11, 29, 42, 55, 13, 40, 36, 38, 19, 21, 43, 1, 37, 0)	100000	0.9999	Lin	10	0,002	
brasil58.tsp	5	106872	24	(0, 57, 25, 4, 1, 38, 41, 20, 16, 35, 21, 7, 23, 3, 48, 51, 54, 56, 13, 55, 44, 5, 33, 24, 26, 39, 19, 36, 27, 37, 42, 46, 12, 22, 2, 14, 15, 45, 30, 53, 28, 6, 10, 49, 29, 50, 32, 18, 31, 43, 34, 52, 8, 11, 17, 40, 47, 9, 0)	100000	0.9999	Lin	10	0,001	
brasil58.tsp	5	108989	23	(0, 8, 52, 11, 27, 13, 4, 6, 37, 53, 28, 44, 51, 14, 32, 26, 40, 19, 12, 30, 5, 24, 9, 20, 16, 3, 31, 42, 54, 41, 1, 36, 10, 45, 38, 46, 22, 18, 57, 55, 17, 39, 23, 29, 15, 47, 35, 7, 56, 33, 25, 21, 50, 43, 48, 49, 34, 2, 0)	100000	0.9999	Lin	100	0,0014	
brasil58.tsp	5	60178	42	(0, 24, 8, 31, 22, 12, 48, 32, 36, 26, 56, 57, 7, 15, 45, 55, 44, 14, 13, 52, 19, 39, 40, 51, 34, 9, 2, 4, 17, 29, 23, 11, 46, 53, 25, 33, 18, 27, 16, 35, 5, 28, 10, 54, 3, 49, 30, 6, 41, 37, 1, 47, 21, 38, 20, 50, 42, 43, 0)	100000	0.9999	Geo	10	0,3738	
brasil58.tsp	5	62621	41	(0, 7, 30, 26, 42, 12, 17, 29, 4, 55, 36, 44, 45, 18, 35, 33, 14, 13, 32, 46, 5, 27, 20, 28, 56, 19, 43, 52, 3, 49, 21, 9, 50, 16, 34, 51, 11, 22, 1, 47, 40, 53, 24, 31, 39, 8, 38, 25, 2, 10, 54, 15, 37, 6, 41, 48, 57, 23, 0)	100000	0.9999	Geo	10	0,3525	
brasil58.tsp	5	55040	46	(0, 24, 8, 31, 52, 5, 18, 44, 55, 51, 2, 1, 50, 16, 35, 27, 46, 38, 15, 48, 22, 23, 11, 41, 37, 30, 6, 10, 25, 21, 32, 36, 14, 45, 13, 33, 17, 19, 39, 12, 29, 57, 49, 3, 4, 26, 53, 54, 34, 40, 28, 20, 47, 9, 42, 56, 7, 43, 0)	100000	0.9999	Geo	10	0,3674	
brasil58.tsp	5	108206	23	(0, 41, 54, 5, 52, 8, 38, 33, 22, 36, 50, 11, 16, 32, 37, 53, 23, 1, 25, 18, 9, 4, 17, 45, 35, 7, 44, 15, 6, 20, 51, 40, 26, 55, 13, 39, 31, 24, 29, 28, 56, 3, 2, 43, 47, 30, 14, 46, 27, 48, 42, 21, 57, 19, 49, 12, 34, 10, 0)	100000	0.9999	Lin	10	0,001	
brasil58.tsp	5	117653	22	(0, 43, 22, 14, 3, 4, 38, 12, 31, 42, 33, 44, 54, 49, 47, 32, 36, 56, 35, 19, 28, 29, 8, 41, 48, 46, 57, 37, 20, 5, 16, 26, 15, 24, 50, 11, 23, 18, 34, 52, 6, 13, 45, 40, 7, 2, 39, 51, 27, 53, 9, 25, 21, 10, 55, 30, 1, 17, 0)	100000	0.9999	Lin	10	0,0014	
brasil58.tsp	5	108906	23	(0, 29, 42, 5, 28, 23, 20, 13, 52, 30, 16, 56, 41, 7, 21, 25, 24, 50, 46, 51, 34, 55, 32, 9, 11, 1, 35, 17, 27, 31, 43, 33, 48, 2, 45, 40, 47, 49, 19, 10, 3, 12, 14, 18, 26, 22, 54, 36, 37, 6, 53, 4, 57, 38, 44, 15, 8, 39, 0)	100000	0.9999	Lin	10	0,001	
brasil58.tsp	2	27810	91	(0, 29, 12, 39, 24, 8, 31, 19, 52, 3, 49, 43, 17, 7, 21, 47, 38, 28, 35, 18, 32, 44, 55, 45, 33, 14, 36, 13, 27, 5, 25, 16, 20, 10, 15, 41, 37, 30, 6, 54, 53, 1, 40, 2, 34, 9, 51, 50, 46, 48, 42, 26, 4, 22, 11, 56, 23, 57, 0)	100000	0.9999	Geo	10	43,4018	
brasil58.tsp	2	105158	24	(0, 2, 4, 25, 56, 9, 47, 54, 35, 29, 42, 11, 13, 41, 28, 6, 57, 22, 43, 31, 24, 50, 53, 49, 26, 33, 32, 38, 20, 46, 27, 14, 19, 17, 55, 18, 10, 37, 30, 45, 51, 40, 16, 21, 7, 36, 39, 12, 34, 5, 15, 48, 3, 52, 23, 8, 1, 44, 0)	100000	0.9999	Lin	10	0,001	
brasil58.tsp	2	111510	23	(0, 43, 3, 44, 4, 22, 6, 37, 12, 5, 55, 33, 18, 19, 47, 28, 1, 31, 25, 56, 26, 42, 24, 2, 34, 27, 36, 40, 57, 21, 13, 8, 15, 23, 41, 39, 11, 54, 32, 14, 10, 17, 35, 38, 46, 51, 9, 16, 48, 7, 49, 52, 29, 45, 20, 30, 53, 50, 0)	100000	0.9999	Lin	10	0,008	
brasil58.tsp	2	58685	43	(0, 29, 25, 40, 38, 27, 32, 44, 55, 36, 45, 35, 51, 50, 24, 56, 5, 13, 46, 23, 17, 2, 22, 26, 42, 4, 1, 15, 10, 28, 47, 54, 34, 9, 41, 30, 6, 37, 18, 16, 48, 43, 57, 11, 7, 21, 53, 14, 33, 20, 3, 31, 8, 19, 52, 49, 39, 12, 0)	100000	0.9999	Lin	10	18,7484	
brasil58.tsp	2	56808	45	(0, 9, 50, 47, 45, 55, 10, 37, 41, 36, 13, 33, 5, 4, 23, 57, 48, 46, 42, 51, 54, 22, 53, 15, 30, 6, 28, 44, 32, 14, 16, 20, 38, 40, 1, 21, 2, 34, 31, 19, 49, 52, 3, 29, 39, 12, 24, 8, 17, 25, 27, 18, 26, 11, 56, 35, 7, 43, 0)	1000	0.9999	Lin	10	0,2197	
brasil58.tsp	2	49380	51	(0, 31, 23, 57, 22, 25, 34, 5, 18, 55, 33, 44, 27, 35, 2, 38, 28, 10, 16, 20, 9, 50, 51, 42, 26, 56, 49, 52, 3, 19, 8, 24, 12, 43, 17, 11, 48, 46, 53, 21, 7, 39, 4, 37, 41, 6, 30, 15, 40, 54, 47, 1, 32, 45, 13, 36, 14, 29, 0)	10000	0.9	Lin	10	2,0899	
brasil58.tsp	2	39475	64	(0, 8, 24, 39, 46, 16, 42, 50, 48, 26, 11, 56, 23, 17, 57, 25, 5, 18, 13, 44, 45, 55, 32, 27, 28, 34, 9, 2, 47, 51, 40, 54, 21, 37, 41, 6, 30, 15, 10, 35, 36, 33, 14, 20, 38, 1, 53, 22, 4, 7, 52, 12, 29, 43, 49, 3, 19, 31, 0)	10000	0.9	Lin	10	18,9837	
brasil58.tsp	2	39869	64	(0, 43, 22, 48, 45, 55, 44, 14, 33, 13, 32, 20, 51, 42, 11, 56, 23, 57, 7, 37, 6, 30, 41, 15, 10, 38, 40, 9, 50, 16, 25, 18, 36, 5, 34, 28, 35, 27, 46, 26, 4, 12, 19, 49, 52, 3, 2, 1, 47, 53, 54, 21, 17, 29, 24, 31, 8, 39, 0)	1000	0.9	Lin	10	1,9367	
brasil58.tsp	2	117068	22	(0, 52, 41, 48, 24, 39, 45, 4, 7, 3, 31, 43, 28, 1, 38, 40, 11, 23, 25, 10, 9, 27, 42, 15, 47, 33, 6, 14, 50, 49, 26, 12, 35, 37, 8, 46, 16, 54, 51, 21, 30, 19, 29, 18, 53, 57, 2, 34, 36, 17, 56, 55, 5, 20, 22, 13, 44, 32, 0)	1000	0.9	Geo	10	0,002	
brasil58.tsp	2	121324	21	(0, 20, 8, 7, 22, 56, 25, 45, 37, 32, 11, 2, 30, 33, 4, 9, 49, 15, 34, 1, 36, 16, 42, 24, 54, 27, 48, 47, 50, 46, 41, 28, 43, 29, 23, 51, 21, 6, 3, 17, 12, 14, 40, 53, 52, 18, 39, 10, 38, 57, 35, 44, 19, 55, 13, 5, 26, 31, 0)	10000	0.9	Geo	10	0,002	
brasil58.tsp	2	62471	41	(0, 57, 56, 30, 6, 53, 21, 3, 29, 43, 24, 8, 31, 19, 17, 48, 51, 46, 26, 4, 22, 44, 47, 2, 1, 40, 37, 41, 10, 20, 42, 34, 9, 32, 14, 33, 45, 55, 50, 38, 18, 16, 28, 15, 11, 52, 39, 12, 35, 5, 36, 13, 27, 25, 54, 7, 23, 49, 0)	10000	0.999	Geo	10	0,0881	
brasil58.tsp	2	66082	38	(0, 39, 24, 17, 11, 5, 44, 25, 30, 6, 54, 1, 9, 35, 16, 20, 47, 22, 23, 56, 46, 13, 55, 14, 27, 2, 28, 45, 33, 7, 53, 15, 37, 12, 31, 8, 41, 50, 48, 4, 26, 34, 36, 32, 40, 51, 21, 38, 10, 52, 19, 49, 3, 18, 42, 57, 43, 29, 0)	100000	0.999	Geo	10	0,0958	
brasil58.tsp	2	33092	77	(0, 43, 11, 26, 42, 10, 15, 41, 30, 6, 37, 54, 53, 47, 16, 25, 5, 27, 13, 14, 33, 45, 55, 20, 38, 34, 9, 48, 46, 50, 51, 2, 1, 40, 4, 22, 56, 23, 57, 7, 21, 35, 18, 36, 44, 32, 28, 3, 49, 52, 19, 31, 8, 24, 39, 12, 29, 17, 0)	100000	0.99999	Geo	10	8,0772	
brasil58.tsp	2	32097	79	(0, 29, 12, 39, 24, 8, 41, 30, 6, 37, 15, 10, 28, 44, 55, 45, 33, 14, 36, 18, 25, 57, 43, 23, 56, 11, 26, 42, 48, 46, 51, 34, 9, 50, 5, 27, 13, 32, 16, 35, 20, 38, 2, 47, 40, 1, 53, 54, 21, 7, 4, 22, 17, 3, 49, 52, 19, 31, 0)	100000	0.99999	Geo	10	9,8491	
brasil58.tsp	2	56739	45	(0, 19, 31, 8, 12, 39, 24, 17, 55, 45, 16, 35, 36, 44, 27, 25, 32, 13, 51, 38, 5, 53, 7, 21, 1, 2, 20, 33, 14, 48, 34, 40, 28, 15, 37, 41, 3, 49, 10, 47, 54, 6, 30, 22, 43, 23, 57, 52, 11, 26, 46, 56, 42, 50, 9, 18, 4, 29, 0)	100000	0.999	Geo	10	0,1051	
brasil58.tsp	2	61603	41	(0, 22, 29, 24, 39, 48, 42, 50, 16, 25, 57, 17, 40, 36, 32, 14, 27, 33, 55, 10, 15, 54, 1, 47, 34, 5, 20, 6, 37, 30, 41, 51, 11, 9, 35, 13, 45, 44, 28, 53, 7, 56, 43, 21, 23, 52, 3, 8, 4, 46, 38, 2, 18, 26, 19, 49, 31, 12, 0)	100000	0.999	Geo	10	0,129	
brasil58.tsp	2	56971	45	(0, 23, 39, 29, 52, 49, 22, 53, 41, 37, 6, 30, 38, 16, 36, 25, 18, 33, 45, 56, 24, 31, 8, 12, 26, 15, 9, 10, 5, 27, 44, 14, 13, 35, 2, 48, 42, 11, 47, 7, 54, 21, 1, 57, 19, 3, 40, 50, 46, 32, 34, 28, 20, 55, 4, 51, 43, 17, 0)	100000	0.999	Geo	10	0,121	
brasil58.tsp	2	125659	20	(0, 37, 44, 41, 1, 19, 51, 57, 45, 12, 24, 21, 25, 4, 42, 46, 3, 56, 8, 33, 16, 6, 13, 55, 2, 35, 17, 40, 28, 47, 30, 22, 18, 20, 34, 5, 53, 48, 23, 15, 11, 54, 32, 7, 26, 43, 29, 39, 9, 36, 50, 31, 14, 38, 52, 27, 10, 49, 0)	100000	0.999	Geo	10	0,097	
brasil58.tsp	2	71000	36	(0, 56, 36, 13, 18, 19, 31, 12, 39, 3, 10, 20, 40, 27, 26, 42, 7, 15, 6, 30, 37, 54, 22, 2, 34, 33, 14, 5, 35, 25, 46, 16, 55, 32, 44, 8, 57, 24, 53, 41, 48, 9, 51, 47, 38, 21, 17, 29, 50, 23, 11, 1, 28, 45, 4, 43, 52, 49, 0)	100000	0.999	Geo	10	0,092	
brasil58.tsp	2	109873	23	(0, 55, 18, 54, 14, 1, 17, 29, 39, 3, 49, 50, 51, 16, 11, 22, 47, 21, 4, 5, 42, 19, 48, 38, 28, 6, 46, 23, 35, 9, 41, 12, 8, 24, 33, 43, 13, 25, 36, 40, 20, 34, 10, 15, 37, 57, 44, 30, 27, 26, 7, 2, 52, 31, 45, 56, 32, 53, 0)	100000	0.999	Geo	1	4,2663	
brasil58.tsp	2	90916	28	(0, 43, 56, 29, 39, 19, 23, 36, 5, 31, 9, 51, 14, 46, 50, 27, 38, 30, 41, 6, 40, 35, 37, 42, 10, 13, 28, 15, 18, 45, 22, 26, 34, 47, 33, 1, 8, 21, 55, 48, 16, 57, 4, 53, 3, 52, 24, 12, 7, 2, 25, 32, 44, 17, 11, 20, 54, 49, 0)	100000	0.999	Geo	1	4,2887	
brasil58.tsp	2	47070	54	(0, 39, 3, 49, 12, 29, 22, 2, 10, 6, 30, 20, 14, 45, 33, 13, 51, 9, 1, 40, 34, 50, 48, 57, 23, 52, 17, 43, 7, 21, 47, 38, 25, 36, 44, 55, 32, 5, 18, 16, 4, 56, 11, 26, 42, 46, 27, 35, 28, 37, 41, 15, 53, 54, 19, 31, 8, 24, 0)	100000	0.999	Geo	5	0,3276	
brasil58.tsp	2	39742	64	(0, 31, 19, 52, 57, 4, 34, 40, 1, 2, 28, 35, 16, 25, 18, 45, 55, 44, 32, 27, 5, 48, 42, 26, 11, 22, 54, 7, 49, 3, 21, 13, 36, 14, 33, 20, 38, 10, 15, 37, 30, 6, 41, 47, 51, 46, 50, 9, 53, 29, 17, 56, 23, 43, 12, 8, 24, 39, 0)	100000	0.999	Geo	5	0,9073	
brasil58.tsp	2	41459	61	(0, 12, 8, 17, 43, 22, 4, 53, 1, 40, 34, 9, 51, 25, 5, 27, 13, 2, 47, 49, 3, 21, 14, 33, 45, 55, 44, 32, 36, 20, 38, 10, 28, 16, 18, 35, 46, 56, 23, 19, 52, 57, 7, 15, 41, 6, 30, 37, 54, 50, 48, 42, 11, 26, 24, 31, 39, 29, 0)	100000	0.999	Geo	5	0,9089	
brasil58.tsp	2	32579	78	(0, 29, 12, 39, 24, 8, 31, 19, 52, 3, 49, 43, 22, 11, 26, 35, 20, 38, 10, 15, 6, 30, 37, 41, 54, 53, 47, 2, 9, 42, 48, 46, 28, 32, 44, 55, 45, 33, 14, 36, 13, 27, 56, 23, 57, 4, 18, 5, 25, 16, 50, 51, 34, 40, 1, 21, 7, 17, 0)	100000	0.999	Geo	5	4,3739	
brasil58.tsp	2	71782	35	(0, 20, 40, 54, 48, 46, 55, 57, 49, 23, 35, 47, 45, 14, 33, 16, 17, 29, 31, 12, 43, 50, 36, 44, 37, 41, 30, 6, 10, 27, 28, 34, 42, 15, 7, 5, 38, 52, 8, 3, 21, 1, 2, 13, 53, 4, 22, 24, 19, 51, 18, 25, 32, 9, 11, 26, 56, 39, 0)	100000	0.9999	Geo	5	42,8114	
brasil58.tsp	2	76276	33	(0, 56, 27, 19, 53, 36, 22, 4, 15, 30, 6, 37, 38, 20, 33, 32, 13, 47, 9, 51, 16, 35, 14, 45, 50, 42, 10, 48, 25, 28, 40, 18, 55, 2, 54, 3, 23, 31, 8, 24, 29, 39, 41, 34, 49, 52, 17, 43, 1, 11, 57, 12, 21, 7, 26, 5, 44, 46, 0)	10000	0.9999	Geo	5	38,8936	
brasil58.tsp	2	33199	76	(0, 12, 29, 43, 23, 56, 11, 42, 10, 15, 30, 6, 37, 41, 21, 54, 4, 7, 3, 49, 52, 19, 31, 8, 24, 39, 22, 26, 27, 32, 13, 36, 14, 33, 45, 55, 44, 18, 5, 35, 16, 51, 50, 46, 48, 9, 34, 40, 1, 53, 47, 38, 2, 28, 20, 25, 57, 17, 0)	10000	0.999	Geo	10	3,9374	
brasil58.tsp	2	33498	76	(0, 23, 56, 11, 42, 48, 9, 40, 1, 53, 47, 20, 27, 14, 33, 45, 36, 13, 5, 18, 25, 16, 35, 41, 37, 6, 30, 15, 10, 38, 28, 2, 34, 54, 7, 21, 3, 49, 52, 19, 17, 43, 22, 51, 44, 55, 32, 46, 50, 26, 4, 57, 29, 39, 24, 31, 8, 12, 0)	10000	0.999	Geo	10	3,9417	
brasil58.tsp	2	27936	91	(0, 39, 24, 8, 31, 19, 52, 49, 3, 21, 7, 53, 54, 41, 30, 6, 37, 15, 10, 20, 36, 14, 33, 45, 55, 44, 32, 13, 27, 5, 18, 25, 16, 35, 46, 48, 50, 51, 9, 34, 2, 28, 38, 47, 1, 40, 4, 22, 56, 11, 26, 42, 57, 23, 43, 17, 12, 29, 0)	10000	0.999	Geo	10	6,9813	
brasil58.tsp	2	27594	92	(0, 19, 52, 49, 3, 21, 15, 41, 37, 6, 30, 10, 38, 28, 32, 44, 55, 45, 33, 14, 36, 13, 27, 5, 18, 25, 16, 35, 20, 2, 34, 40, 47, 54, 7, 53, 1, 9, 51, 50, 46, 48, 42, 26, 4, 22, 11, 56, 23, 57, 43, 17, 8, 31, 24, 39, 12, 29, 0)	10000	0.999	Geo	50	17,4564	
brasil58.tsp	2	61995	41	(0, 30, 6, 47, 34, 18, 50, 54, 1, 2, 9, 48, 28, 45, 55, 20, 40, 53, 56, 11, 51, 38, 41, 37, 10, 25, 14, 33, 52, 29, 23, 44, 36, 5, 42, 46, 35, 13, 32, 27, 16, 22, 19, 31, 24, 39, 3, 49, 8, 12, 57, 7, 17, 43, 26, 4, 21, 15, 0)	10000	0.999	Log	50	0,021	
brasil58.tsp	2	59096	43	(0, 39, 11, 22, 7, 17, 28, 45, 14, 36, 2, 10, 19, 8, 31, 12, 49, 3, 47, 38, 9, 34, 53, 1, 54, 30, 6, 41, 15, 21, 37, 27, 13, 32, 33, 50, 51, 44, 55, 16, 29, 52, 24, 43, 26, 42, 4, 57, 46, 48, 25, 5, 18, 35, 20, 40, 56, 23, 0)	1000	0.99	Log	50	0,023	
brasil58.tsp	2	51686	49	(0, 17, 26, 42, 48, 32, 44, 36, 16, 56, 57, 4, 9, 50, 46, 23, 29, 52, 3, 49, 19, 31, 8, 7, 1, 34, 2, 28, 20, 55, 45, 33, 14, 13, 39, 24, 22, 53, 21, 38, 10, 47, 54, 6, 30, 15, 41, 37, 51, 40, 27, 25, 35, 5, 18, 11, 43, 12, 0)	1000	0.99	Log	100	0,0344	
brasil58.tsp	2	38596	66	(0, 29, 12, 8, 24, 39, 4, 25, 18, 36, 45, 55, 33, 14, 13, 35, 20, 10, 38, 2, 47, 54, 53, 1, 40, 34, 11, 56, 23, 57, 52, 49, 3, 21, 37, 30, 6, 41, 15, 7, 22, 43, 17, 19, 31, 28, 44, 32, 27, 5, 16, 51, 9, 50, 46, 48, 42, 26, 0)	1000	0.99	Log	1000	0,291	
brasil58.tsp	2	35480	72	(0, 19, 52, 49, 3, 21, 54, 53, 57, 17, 43, 11, 26, 15, 37, 6, 30, 41, 10, 32, 44, 55, 45, 36, 14, 33, 13, 27, 34, 9, 1, 7, 28, 16, 25, 5, 18, 35, 46, 48, 42, 50, 51, 2, 20, 38, 47, 40, 4, 22, 56, 23, 29, 12, 8, 31, 24, 39, 0)	100000	0.99	Log	1000	0,3351	
brasil58.tsp	2	36762	69	(0, 29, 49, 3, 27, 32, 13, 36, 33, 14, 18, 5, 25, 35, 20, 10, 47, 1, 53, 54, 21, 15, 6, 30, 41, 37, 7, 52, 19, 31, 24, 8, 12, 39, 22, 11, 56, 23, 43, 57, 4, 40, 2, 38, 28, 45, 55, 44, 16, 51, 34, 9, 50, 46, 48, 42, 26, 17, 0)	100000	0.9999	Log	1000	0,3432	
brasil58.tsp	2	35709	71	(0, 12, 39, 29, 22, 40, 2, 1, 53, 57, 23, 43, 17, 4, 46, 32, 55, 33, 14, 27, 51, 34, 9, 50, 48, 42, 26, 11, 56, 8, 24, 31, 19, 52, 49, 3, 21, 15, 41, 37, 6, 30, 10, 28, 45, 44, 36, 13, 5, 18, 25, 16, 35, 20, 38, 47, 54, 7, 0)	100000	0.9999	Log	1000	0,3518	
brasil58.tsp	2	36383	70	(0, 29, 39, 12, 50, 27, 13, 32, 46, 24, 8, 31, 19, 52, 49, 3, 21, 47, 38, 2, 28, 16, 25, 5, 14, 33, 45, 55, 44, 36, 18, 35, 20, 10, 30, 6, 37, 41, 15, 7, 54, 53, 1, 40, 4, 57, 23, 22, 56, 11, 26, 42, 48, 9, 34, 51, 43, 17, 0)	100000	0.9999	Log	1000	0,3581	
brasil58.tsp	2	38139	67	(0, 29, 22, 26, 11, 56, 49, 3, 21, 7, 4, 9, 50, 46, 48, 42, 23, 52, 19, 31, 24, 8, 12, 39, 5, 13, 27, 18, 36, 14, 33, 45, 55, 44, 32, 25, 35, 20, 2, 34, 38, 28, 47, 54, 53, 40, 1, 51, 16, 10, 15, 41, 37, 30, 6, 57, 43, 17, 0)	100000	0.9999	Log	1000	0,3331	
brasil58.tsp	2	39941	64	(0, 23, 11, 26, 32, 44, 36, 13, 27, 5, 25, 35, 28, 34, 9, 48, 29, 12, 39, 24, 8, 31, 19, 17, 46, 51, 38, 2, 47, 53, 1, 40, 50, 42, 22, 56, 4, 6, 30, 37, 41, 15, 10, 20, 14, 33, 55, 45, 18, 16, 54, 52, 49, 3, 21, 7, 57, 43, 0)	10000	0.99	Lin	1000	0,1525	
brasil58.tsp	2	36963	69	(0, 23, 57, 4, 50, 9, 51, 40, 1, 53, 47, 2, 35, 16, 25, 5, 44, 55, 45, 33, 14, 36, 18, 52, 49, 3, 21, 28, 32, 13, 27, 20, 10, 41, 37, 30, 6, 15, 38, 34, 46, 48, 42, 26, 11, 56, 12, 39, 24, 31, 19, 8, 29, 43, 17, 7, 54, 22, 0)	10000	0.99	Lin	1000	0,1517	
brasil58.tsp	2	39825	64	(0, 57, 54, 53, 34, 9, 46, 50, 36, 32, 13, 27, 39, 24, 31, 19, 8, 12, 29, 40, 38, 10, 20, 28, 41, 37, 30, 6, 15, 3, 49, 52, 7, 21, 47, 1, 2, 35, 16, 25, 5, 18, 14, 33, 45, 55, 44, 51, 11, 56, 22, 4, 26, 42, 48, 23, 17, 43, 0)	10000	0.999	Lin	1000	0,158	
brasil58.tsp	2	38691	66	(0, 57, 15, 41, 37, 6, 30, 10, 38, 35, 18, 27, 5, 25, 16, 46, 50, 9, 42, 48, 26, 4, 22, 11, 23, 56, 43, 24, 39, 19, 31, 8, 12, 29, 17, 7, 53, 40, 34, 2, 20, 14, 36, 13, 47, 54, 1, 51, 32, 44, 55, 33, 45, 28, 21, 3, 49, 52, 0)	10000	0.999	Lin	1000	0,1594	
brasil58.tsp	2	38824	65	(0, 52, 49, 3, 7, 1, 40, 47, 35, 18, 14, 33, 36, 13, 32, 28, 15, 37, 30, 6, 41, 54, 53, 4, 22, 26, 42, 48, 46, 5, 27, 20, 2, 9, 51, 50, 44, 45, 55, 16, 25, 57, 17, 43, 12, 29, 23, 56, 11, 34, 38, 10, 21, 39, 24, 31, 19, 8, 0)	10000	0.8	Lin	1000	0,1689	
brasil58.tsp	2	37821	67	(0, 17, 4, 50, 9, 51, 25, 18, 14, 33, 13, 27, 5, 16, 46, 48, 42, 22, 43, 23, 56, 11, 26, 40, 1, 10, 47, 7, 3, 49, 52, 19, 39, 21, 15, 30, 6, 37, 41, 28, 32, 55, 45, 44, 36, 35, 20, 38, 2, 34, 53, 54, 57, 24, 31, 8, 12, 29, 0)	10000	0.8	Lin	1000	0,1626	
brasil58.tsp	2	34105	74	(0, 23, 22, 4, 26, 42, 34, 40, 9, 16, 35, 18, 36, 33, 14, 13, 32, 27, 5, 25, 57, 39, 24, 8, 31, 19, 3, 49, 52, 43, 17, 7, 21, 54, 53, 1, 47, 50, 46, 51, 44, 45, 55, 20, 28, 15, 37, 41, 6, 30, 10, 38, 2, 48, 11, 56, 29, 12, 0)	1000000	0.8	Lin	1000	0,1772	
brasil58.tsp	2	40393	63	(0, 4, 48, 46, 16, 25, 35, 20, 2, 22, 23, 39, 8, 31, 24, 26, 27, 36, 14, 33, 55, 45, 13, 5, 18, 9, 40, 1, 53, 15, 41, 37, 30, 6, 21, 7, 3, 49, 52, 19, 57, 56, 11, 42, 34, 38, 10, 50, 51, 44, 32, 28, 47, 54, 17, 43, 12, 29, 0)	1000000	0.8	Lin	1000	0,174	
brasil58.tsp	2	28190	90	(0, 29, 12, 24, 39, 43, 17, 23, 57, 56, 22, 11, 42, 26, 4, 15, 37, 41, 6, 30, 10, 38, 20, 35, 16, 5, 18, 25, 27, 13, 36, 14, 33, 55, 45, 44, 32, 28, 2, 51, 50, 9, 46, 48, 34, 40, 47, 1, 53, 54, 21, 7, 3, 49, 52, 19, 31, 8, 0)	100000	0.8	Lin	1000	10,9518	
brasil58.tsp	2	29495	86	(0, 17, 43, 57, 23, 22, 4, 50, 9, 1, 15, 41, 37, 30, 6, 10, 38, 2, 28, 32, 44, 55, 45, 33, 14, 36, 13, 27, 16, 51, 34, 40, 53, 54, 7, 21, 47, 20, 35, 18, 5, 25, 46, 48, 42, 26, 11, 56, 12, 52, 49, 3, 19, 31, 8, 24, 39, 29, 0)	100000	0.8	Geo	1000	1,3402	
brasil58.tsp	2	27051	94	(0, 29, 12, 39, 24, 8, 31, 19, 52, 49, 3, 17, 43, 22, 4, 50, 51, 9, 34, 38, 10, 6, 30, 37, 41, 15, 21, 7, 54, 53, 1, 40, 47, 2, 20, 35, 16, 25, 18, 5, 27, 13, 36, 14, 33, 45, 55, 44, 32, 28, 46, 48, 42, 26, 11, 56, 23, 57, 0)	100000	0.99	Geo	1000	12,1908	
brasil58.tsp	2	94804	27	(0, 10, 26, 7, 15, 14, 57, 23, 20, 6, 54, 2, 36, 53, 11, 48, 44, 13, 46, 47, 52, 3, 21, 40, 51, 9, 37, 28, 32, 18, 1, 42, 22, 35, 17, 25, 56, 38, 30, 41, 8, 33, 27, 16, 34, 50, 49, 19, 12, 55, 4, 5, 45, 24, 29, 39, 31, 43, 0)	100000	0.99	Geo	10	0,079	
brasil58.tsp	2	35182	72	(0, 29, 12, 8, 24, 57, 25, 36, 45, 44, 51, 26, 42, 48, 46, 5, 18, 27, 13, 14, 33, 55, 32, 28, 47, 21, 3, 49, 52, 19, 31, 39, 23, 56, 11, 22, 4, 15, 6, 30, 37, 41, 10, 38, 9, 34, 40, 53, 54, 1, 50, 16, 35, 20, 2, 7, 17, 43, 0)	100000	0.99	Geo	10	0,4709	
brasil58.tsp	2	102830	25	(0, 39, 25, 28, 49, 14, 36, 52, 3, 12, 29, 19, 44, 31, 24, 17, 42, 23, 56, 32, 41, 6, 26, 35, 46, 33, 8, 1, 55, 5, 7, 34, 20, 10, 11, 38, 51, 21, 40, 45, 2, 53, 57, 50, 37, 54, 18, 27, 47, 30, 13, 16, 48, 9, 4, 43, 15, 22, 0)	100000	0.99	Geo	10	0,0711	
brasil58.tsp	2	96588	26	(0, 38, 48, 22, 46, 7, 47, 34, 39, 43, 26, 14, 52, 41, 15, 18, 16, 21, 45, 23, 9, 33, 40, 37, 2, 10, 53, 36, 35, 32, 44, 24, 57, 56, 42, 19, 31, 49, 3, 6, 30, 51, 5, 1, 12, 8, 11, 50, 29, 4, 54, 55, 28, 27, 25, 13, 20, 17, 0)	100000	0.99	Geo	10	0,0745	
brasil58.tsp	2	32834	77	(0, 29, 8, 31, 19, 52, 49, 3, 21, 1, 9, 51, 48, 42, 11, 56, 23, 57, 43, 17, 12, 39, 24, 22, 40, 47, 20, 28, 35, 18, 5, 16, 25, 27, 13, 36, 14, 33, 45, 55, 44, 32, 46, 50, 26, 4, 53, 6, 30, 37, 41, 15, 10, 38, 2, 34, 54, 7, 0)	100000	0.99	Geo	10	0,8627	
brasil58.tsp	2	31153	82	(0, 8, 31, 19, 52, 49, 3, 37, 30, 6, 41, 15, 10, 38, 2, 47, 1, 9, 46, 16, 32, 36, 44, 55, 45, 33, 14, 13, 27, 5, 18, 25, 35, 20, 28, 34, 51, 50, 48, 26, 4, 57, 23, 7, 21, 54, 53, 40, 42, 11, 56, 22, 29, 12, 24, 39, 43, 17, 0)	100000	0.99	Geo	10	0,8338	
brasil58.tsp	2	95829	27	(0, 38, 27, 34, 16, 41, 6, 37, 40, 29, 57, 54, 42, 36, 5, 2, 51, 24, 14, 44, 10, 55, 4, 19, 43, 28, 18, 20, 32, 50, 53, 7, 8, 52, 49, 17, 3, 22, 45, 21, 12, 23, 56, 26, 13, 30, 33, 31, 15, 47, 35, 25, 46, 1, 48, 9, 11, 39, 0)	100000	0.999	Geo	10	0,5786	
brasil58.tsp	2	89467	28	(0, 9, 45, 56, 4, 48, 55, 33, 19, 8, 23, 20, 25, 2, 35, 50, 27, 14, 7, 42, 44, 18, 52, 53, 1, 30, 6, 38, 32, 5, 11, 22, 43, 3, 49, 39, 31, 46, 10, 28, 37, 34, 26, 17, 41, 15, 57, 54, 29, 12, 51, 47, 40, 13, 16, 36, 21, 24, 0)	100000	0.999	Geo	10	0,7286	
brasil58.tsp	2	30339	84	(0, 17, 43, 23, 22, 51, 16, 35, 28, 2, 34, 9, 50, 46, 48, 42, 26, 11, 56, 4, 40, 1, 53, 54, 6, 30, 37, 41, 15, 7, 21, 47, 38, 10, 20, 27, 13, 36, 14, 33, 45, 55, 44, 32, 18, 5, 25, 57, 24, 31, 19, 3, 49, 52, 12, 8, 39, 29, 0)	100000	0.999	Geo	10	3,7251	
brasil58.tsp	2	26234	97	(0, 17, 43, 23, 57, 4, 22, 56, 11, 26, 42, 48, 46, 50, 51, 9, 34, 40, 1, 53, 37, 6, 30, 41, 15, 10, 38, 20, 27, 36, 14, 33, 45, 55, 44, 32, 13, 5, 18, 25, 16, 35, 28, 2, 47, 54, 7, 21, 3, 49, 52, 19, 31, 8, 24, 39, 12, 29, 0)	100000	0.999	Geo	100	8,5567	
brasil58.tsp	2	28026	91	(0, 31, 19, 52, 49, 3, 7, 21, 41, 37, 30, 6, 15, 10, 38, 47, 51, 34, 40, 1, 53, 54, 4, 26, 42, 48, 46, 50, 9, 2, 20, 35, 16, 25, 5, 18, 27, 13, 36, 14, 33, 45, 55, 44, 32, 28, 11, 56, 22, 23, 57, 43, 17, 8, 24, 39, 12, 29, 0)	100000	0.999	Lin	100	5,3557	
brasil58.tsp	2	66994	38	(0, 22, 7, 3, 28, 14, 33, 27, 13, 36, 16, 49, 52, 19, 31, 11, 56, 18, 5, 45, 44, 55, 32, 53, 21, 41, 35, 20, 46, 51, 48, 6, 37, 30, 2, 34, 24, 39, 43, 38, 25, 50, 29, 23, 26, 42, 47, 40, 4, 57, 10, 15, 54, 1, 9, 17, 8, 12, 0)	100000	0.999	Lin	100	0,019	
brasil58.tsp	2	59000	43	(0, 54, 7, 21, 3, 30, 6, 37, 47, 28, 17, 8, 4, 9, 34, 56, 11, 42, 27, 32, 44, 14, 33, 35, 18, 16, 38, 1, 51, 36, 53, 40, 48, 2, 13, 55, 45, 5, 50, 20, 41, 15, 10, 26, 46, 23, 24, 31, 19, 49, 52, 22, 25, 57, 39, 43, 29, 12, 0)	100000	0.999	Lin	100	0,019	
brasil58.tsp	2	32887	77	(0, 17, 3, 49, 52, 19, 31, 8, 24, 39, 12, 29, 43, 23, 56, 11, 26, 42, 48, 22, 4, 54, 53, 47, 38, 20, 33, 14, 21, 7, 6, 30, 37, 41, 15, 10, 1, 40, 34, 28, 32, 55, 45, 44, 36, 13, 16, 51, 46, 50, 9, 2, 35, 5, 27, 18, 25, 57, 0)	100000	0.999	Geo	100	0,314	
brasil58.tsp	2	33537	76	(0, 8, 24, 31, 19, 3, 49, 52, 12, 39, 29, 15, 37, 6, 30, 41, 10, 38, 47, 53, 54, 7, 21, 1, 9, 46, 50, 26, 11, 42, 48, 25, 18, 5, 13, 36, 32, 44, 55, 45, 33, 14, 27, 16, 35, 20, 28, 2, 22, 17, 43, 57, 4, 40, 34, 51, 56, 23, 0)	100000	0.999	Geo	100	0,3185	
brasil58.tsp	2	34796	73	(0, 8, 24, 31, 19, 52, 7, 21, 38, 10, 15, 41, 37, 30, 6, 47, 40, 2, 34, 9, 48, 42, 11, 26, 50, 51, 53, 54, 1, 28, 35, 16, 20, 27, 36, 32, 44, 55, 45, 33, 14, 13, 5, 18, 25, 46, 56, 23, 57, 39, 12, 29, 22, 4, 3, 49, 43, 17, 0)	100000	0.999	Geo	100	0,3187	
brasil58.tsp	2	27051	94	(0, 17, 29, 12, 39, 24, 8, 31, 19, 52, 49, 3, 21, 7, 54, 53, 1, 47, 40, 34, 9, 50, 46, 51, 2, 38, 37, 6, 30, 41, 15, 10, 20, 35, 16, 25, 18, 5, 27, 13, 36, 14, 33, 45, 55, 44, 32, 28, 48, 42, 26, 4, 22, 11, 56, 23, 57, 43, 0)	100000	0.999	Geo	100	8,751	
brasil58.tsp	2	27484	92	(0, 29, 12, 39, 24, 8, 31, 19, 52, 49, 3, 21, 54, 53, 1, 47, 40, 34, 9, 50, 51, 2, 38, 10, 15, 41, 6, 30, 37, 7, 4, 22, 26, 42, 48, 46, 35, 20, 28, 32, 44, 55, 45, 33, 14, 36, 13, 27, 5, 18, 25, 16, 11, 56, 23, 57, 43, 17, 0)	100000	0.999	Geo	100	35,3681	
brasil58.tsp	2	26975	94	(0, 29, 12, 39, 24, 8, 31, 19, 52, 49, 3, 21, 7, 22, 4, 53, 47, 28, 25, 18, 5, 13, 36, 14, 33, 45, 55, 44, 32, 27, 16, 35, 20, 2, 38, 10, 30, 6, 37, 41, 15, 54, 1, 40, 34, 9, 51, 50, 46, 48, 42, 26, 11, 56, 23, 57, 43, 17, 0)	100000	0.999	Geo	100	35,6725	
brasil58.tsp	2	91394	28	(0, 47, 7, 32, 46, 28, 20, 37, 6, 30, 1, 19, 9, 50, 3, 49, 8, 52, 56, 26, 44, 40, 15, 22, 53, 2, 39, 5, 55, 54, 4, 35, 48, 36, 13, 18, 10, 25, 45, 34, 41, 14, 33, 17, 43, 38, 16, 21, 24, 23, 27, 12, 31, 51, 11, 42, 57, 29, 0)	100000	0.999	Geo	100	1,9416	
brasil58.tsp	2	30358	84	(0, 57, 4, 42, 48, 46, 50, 9, 34, 2, 51, 16, 35, 20, 38, 10, 15, 41, 37, 30, 6, 54, 53, 1, 40, 25, 18, 5, 27, 13, 36, 14, 33, 45, 55, 44, 32, 28, 47, 21, 7, 3, 49, 52, 22, 26, 11, 56, 23, 43, 17, 19, 31, 8, 24, 39, 12, 29, 0)	100000	0.999	Geo	100	9,0934	
brasil58.tsp	2	27769	91	(0, 29, 12, 39, 24, 8, 31, 19, 52, 49, 3, 17, 43, 22, 4, 56, 11, 26, 42, 48, 46, 50, 9, 1, 53, 54, 7, 21, 15, 41, 37, 6, 30, 10, 20, 35, 18, 5, 27, 13, 36, 14, 33, 45, 55, 44, 32, 28, 2, 38, 47, 40, 34, 51, 16, 25, 57, 23, 0)	100000	0.999	Geo	100	13,9275	
brasil58.tsp	2	27251	93	(0, 43, 57, 23, 56, 11, 22, 4, 26, 42, 48, 46, 50, 34, 38, 37, 6, 30, 41, 15, 10, 20, 16, 25, 5, 13, 36, 14, 33, 45, 55, 44, 32, 27, 18, 35, 28, 2, 9, 51, 40, 47, 1, 53, 54, 7, 21, 3, 49, 52, 19, 31, 8, 24, 39, 12, 29, 17, 0)	100000	0.999	Geo	100	14,0288	
brasil58.tsp	2	31199	81	(0, 22, 4, 40, 1, 47, 28, 25, 5, 13, 36, 14, 33, 45, 55, 44, 32, 27, 18, 16, 35, 20, 2, 9, 51, 50, 46, 48, 42, 26, 11, 56, 23, 29, 12, 52, 49, 3, 19, 31, 8, 24, 39, 43, 57, 21, 41, 30, 6, 37, 15, 10, 38, 34, 53, 54, 7, 17, 0)	100000	0.999	Geo	10	3,7101	
brasil58.tsp	2	31456	81	(0, 23, 57, 4, 2, 47, 40, 1, 53, 54, 7, 39, 24, 8, 31, 19, 49, 3, 52, 12, 29, 43, 17, 21, 6, 30, 37, 41, 15, 10, 38, 34, 9, 51, 16, 35, 20, 28, 32, 44, 55, 45, 33, 14, 36, 13, 27, 5, 18, 25, 50, 46, 48, 42, 26, 11, 56, 22, 0)	100000	0.999	Geo	10	8,1481	
brasil58.tsp	2	30466	83	(0, 23, 56, 11, 26, 42, 48, 38, 10, 15, 6, 30, 37, 41, 20, 55, 45, 33, 14, 36, 13, 16, 35, 46, 50, 2, 28, 44, 32, 27, 5, 18, 25, 51, 9, 34, 40, 47, 1, 53, 54, 7, 21, 3, 49, 52, 19, 31, 8, 24, 39, 12, 29, 22, 4, 57, 43, 17, 0)	100000	0.999	Geo	10	4,0796	
brasil58.tsp	2	27261	93	(0, 17, 29, 12, 39, 24, 8, 31, 19, 52, 49, 3, 21, 7, 54, 53, 1, 40, 34, 51, 16, 25, 18, 27, 32, 44, 55, 45, 33, 14, 36, 13, 5, 35, 20, 28, 2, 38, 10, 6, 30, 37, 41, 15, 47, 9, 50, 46, 48, 42, 11, 26, 4, 22, 56, 23, 57, 43, 0)	100000	0.9999	Geo	10	33,7089	
brasil58.tsp	2	26951	94	(0, 29, 43, 17, 57, 23, 22, 56, 11, 42, 26, 4, 7, 37, 30, 6, 41, 15, 10, 38, 2, 34, 9, 51, 50, 48, 46, 16, 35, 25, 18, 5, 27, 13, 36, 14, 33, 45, 55, 44, 32, 28, 20, 47, 40, 1, 53, 54, 21, 3, 49, 52, 19, 31, 8, 24, 39, 12, 0)	100000	0.9999	Geo	10	34,0913	
brasil58.tsp	2	28102	90	(0, 29, 22, 56, 11, 26, 42, 48, 16, 25, 5, 27, 13, 36, 14, 33, 45, 55, 44, 32, 18, 35, 20, 28, 47, 53, 1, 40, 51, 46, 50, 9, 34, 2, 38, 10, 30, 6, 37, 41, 15, 21, 7, 54, 4, 57, 23, 43, 17, 3, 49, 52, 19, 31, 8, 24, 39, 12, 0)	100000	0.999	Geo	100	13,8273	
brasil58.tsp	2	25929	98	(0, 17, 43, 57, 23, 56, 11, 22, 4, 26, 42, 48, 46, 50, 51, 9, 34, 2, 40, 1, 53, 41, 37, 6, 30, 15, 10, 38, 20, 35, 16, 25, 18, 5, 27, 13, 36, 14, 33, 45, 55, 44, 32, 28, 47, 54, 7, 21, 3, 49, 52, 19, 31, 8, 24, 39, 12, 29, 0)	100000	0.999	Geo	100	14,151	
brasil58.tsp	2	27176	93	(0, 29, 43, 17, 23, 57, 4, 22, 56, 11, 26, 42, 48, 46, 50, 47, 1, 40, 34, 9, 51, 16, 27, 32, 44, 55, 45, 33, 14, 36, 13, 5, 18, 25, 35, 20, 28, 2, 38, 10, 15, 30, 6, 37, 41, 53, 54, 7, 21, 3, 49, 52, 19, 31, 8, 24, 39, 12, 0)	100000	0.999	Geo	100	14,6437	
brasil58.tsp	5	26813	95	(0, 17, 43, 22, 4, 54, 7, 21, 15, 41, 37, 30, 6, 10, 38, 34, 40, 1, 53, 47, 28, 32, 44, 55, 45, 33, 14, 36, 13, 27, 5, 18, 25, 16, 35, 20, 2, 9, 51, 50, 46, 48, 42, 26, 11, 56, 23, 57, 52, 49, 3, 19, 31, 8, 24, 39, 12, 29, 0)	100000	0.999	Geo	100	35,3818	
